Date,ZoneID,DayOfWeek,Month,IsWeekend,AvgTemperature,Humidity,SpecialEvent,EnergyConsumption
2023-01-01,Z1_Downtown,6,1,1,2.07,67.97,0,6638.73
2023-01-01,Z2_Residential,6,1,1,-3.57,66.66,0,3846.45
2023-01-01,Z3_Industrial,6,1,1,1.27,68.9,0,7614.94
2023-01-01,Z4_Suburban,6,1,1,1.48,78.81,0,4710.7
2023-01-01,Z5_Entertainment,6,1,1,2.23,68.37,0,4289.45
2023-01-02,Z1_Downtown,0,1,0,0.9,69.89,0,6252.72
2023-01-02,Z2_Residential,0,1,0,0.29,71.53,0,3676.39
2023-01-02,Z3_Industrial,0,1,0,2.39,75.45,0,9505.98
2023-01-02,Z4_Suburban,0,1,0,0.08,69.22,0,4699.1
2023-01-02,Z5_Entertainment,0,1,0,1.08,69.09,0,4225.39
2023-01-03,Z1_Downtown,1,1,0,3.28,76.12,0,6285.38
2023-01-03,Z2_Residential,1,1,0,1.71,74.5,0,3651.32
2023-01-03,Z3_Industrial,1,1,0,3.12,73.75,0,9884.38
2023-01-03,Z4_Suburban,1,1,0,-2.22,71.81,0,4513.41
2023-01-03,Z5_Entertainment,1,1,0,0.73,80.88,0,4340.84
2023-01-04,Z1_Downtown,2,1,0,-2.73,71.85,0,6603.53
2023-01-04,Z2_Residential,2,1,0,3.26,77.49,1,3952.96
2023-01-04,Z3_Industrial,2,1,0,3.62,72.57,0,9202.68
2023-01-04,Z4_Suburban,2,1,0,-0.82,76.01,0,4771.86
2023-01-04,Z5_Entertainment,2,1,0,0.41,74.32,0,4115.09
2023-01-05,Z1_Downtown,3,1,0,2.69,70.32,1,6723.14
2023-01-05,Z2_Residential,3,1,0,-1.45,76.07,0,3737.77
2023-01-05,Z3_Industrial,3,1,0,2.75,75.86,0,9618.98
2023-01-05,Z4_Suburban,3,1,0,0.49,73.23,0,4338.73
2023-01-05,Z5_Entertainment,3,1,0,-1.76,68.65,0,4037.23
2023-01-06,Z1_Downtown,4,1,0,0.67,80.23,0,6552.95
2023-01-06,Z2_Residential,4,1,0,-0.72,72.71,0,3630.77
2023-01-06,Z3_Industrial,4,1,0,3.71,65.1,0,9699.94
2023-01-06,Z4_Suburban,4,1,0,0.13,66.51,0,4377.12
2023-01-06,Z5_Entertainment,4,1,0,2.19,73.85,0,4088.01
2023-01-07,Z1_Downtown,5,1,1,-0.87,74.74,1,7522.53
2023-01-07,Z2_Residential,5,1,1,3.77,75.62,0,3622.14
2023-01-07,Z3_Industrial,5,1,1,0.09,69.21,0,7014.89
2023-01-07,Z4_Suburban,5,1,1,3.27,72.73,0,4530.73
2023-01-07,Z5_Entertainment,5,1,1,2.47,78.03,0,4795.33
2023-01-08,Z1_Downtown,6,1,1,2.8,68.99,0,6458.13
2023-01-08,Z2_Residential,6,1,1,-0.27,71.86,0,3832.42
2023-01-08,Z3_Industrial,6,1,1,4.43,74.72,0,7075.66
2023-01-08,Z4_Suburban,6,1,1,-2.43,71.51,0,4863.76
2023-01-08,Z5_Entertainment,6,1,1,6.18,74.59,1,5071.42
2023-01-09,Z1_Downtown,0,1,0,-1.12,69.2,0,6867.86
2023-01-09,Z2_Residential,0,1,0,-0.21,78.22,0,3844.26
2023-01-09,Z3_Industrial,0,1,0,2.8,73.25,0,9398.86
2023-01-09,Z4_Suburban,0,1,0,2.96,71.76,0,4278.09
2023-01-09,Z5_Entertainment,0,1,0,2.27,81.93,0,4145.65
2023-01-10,Z1_Downtown,1,1,0,2.64,80.65,0,6201.03
2023-01-10,Z2_Residential,1,1,0,4.69,76.26,0,3577.86
2023-01-10,Z3_Industrial,1,1,0,-1.13,67.28,0,10343.85
2023-01-10,Z4_Suburban,1,1,0,1.48,72.2,0,4351.18
2023-01-10,Z5_Entertainment,1,1,0,-0.31,77.34,0,4192.09
2023-01-11,Z1_Downtown,2,1,0,1.61,75.89,0,6325.9
2023-01-11,Z2_Residential,2,1,0,3.62,63.95,0,3330.79
2023-01-11,Z3_Industrial,2,1,0,-1.03,69.81,0,10042.97
2023-01-11,Z4_Suburban,2,1,0,-1.3,74.36,0,4721.1
2023-01-11,Z5_Entertainment,2,1,0,0.8,72.57,0,4230.7
2023-01-12,Z1_Downtown,3,1,0,5.45,73.51,0,6060.92
2023-01-12,Z2_Residential,3,1,0,2.71,75.17,0,3612.23
2023-01-12,Z3_Industrial,3,1,0,2.68,86.87,0,9366.23
2023-01-12,Z4_Suburban,3,1,0,1.39,66.97,0,4492.49
2023-01-12,Z5_Entertainment,3,1,0,5.12,70.64,0,3715.8
2023-01-13,Z1_Downtown,4,1,0,1.8,69.05,0,6754.56
2023-01-13,Z2_Residential,4,1,0,0.88,69.98,0,3368.39
2023-01-13,Z3_Industrial,4,1,0,-1.47,85.01,0,9330.23
2023-01-13,Z4_Suburban,4,1,0,6.79,88.89,1,4989.72
2023-01-13,Z5_Entertainment,4,1,0,3.06,83.01,0,4115.64
2023-01-14,Z1_Downtown,5,1,1,4.25,76.61,0,6360.79
2023-01-14,Z2_Residential,5,1,1,-1.14,73.24,1,4322.71
2023-01-14,Z3_Industrial,5,1,1,0.91,76.79,0,7459.3
2023-01-14,Z4_Suburban,5,1,1,3.18,74.7,0,4616.74
2023-01-14,Z5_Entertainment,5,1,1,3.09,73.95,0,4553.32
2023-01-15,Z1_Downtown,6,1,1,3.37,70.69,0,6444.45
2023-01-15,Z2_Residential,6,1,1,-0.38,80.46,1,4418.24
2023-01-15,Z3_Industrial,6,1,1,-1.96,79.14,0,7136.1
2023-01-15,Z4_Suburban,6,1,1,1.23,75.82,0,4756.21
2023-01-15,Z5_Entertainment,6,1,1,2.15,73.24,0,4552.84
2023-01-16,Z1_Downtown,0,1,0,-3.9,73.38,0,6601.43
2023-01-16,Z2_Residential,0,1,0,1.58,65.78,0,3743.02
2023-01-16,Z3_Industrial,0,1,0,-1.32,78.89,0,9703.19
2023-01-16,Z4_Suburban,0,1,0,-0.12,72.89,0,4680.65
2023-01-16,Z5_Entertainment,0,1,0,6.84,80.45,0,4337.46
2023-01-17,Z1_Downtown,1,1,0,3.72,78.77,0,6248.14
2023-01-17,Z2_Residential,1,1,0,0.88,79.57,0,3808.64
2023-01-17,Z3_Industrial,1,1,0,2.15,80.48,0,10371.1
2023-01-17,Z4_Suburban,1,1,0,4.45,66.77,0,4168.32
2023-01-17,Z5_Entertainment,1,1,0,1.33,82.18,0,4075.33
2023-01-18,Z1_Downtown,2,1,0,0.2,74.85,0,6203.91
2023-01-18,Z2_Residential,2,1,0,3.52,80.46,0,3346.68
2023-01-18,Z3_Industrial,2,1,0,3.5,75.04,0,10256.81
2023-01-18,Z4_Suburban,2,1,0,-2.42,71.73,0,4362.19
2023-01-18,Z5_Entertainment,2,1,0,6.43,76.52,0,3965.0
2023-01-19,Z1_Downtown,3,1,0,4.89,80.07,0,6244.92
2023-01-19,Z2_Residential,3,1,0,3.53,70.42,0,3499.51
2023-01-19,Z3_Industrial,3,1,0,3.81,79.73,0,9604.48
2023-01-19,Z4_Suburban,3,1,0,6.56,71.01,0,4417.45
2023-01-19,Z5_Entertainment,3,1,0,4.97,74.79,0,4208.27
2023-01-20,Z1_Downtown,4,1,0,5.08,77.55,0,6114.11
2023-01-20,Z2_Residential,4,1,0,-2.03,82.8,0,3848.35
2023-01-20,Z3_Industrial,4,1,0,6.25,66.77,0,8968.05
2023-01-20,Z4_Suburban,4,1,0,0.99,76.98,0,4676.09
2023-01-20,Z5_Entertainment,4,1,0,-0.55,63.23,0,4053.63
2023-01-21,Z1_Downtown,5,1,1,4.25,78.33,0,6251.67
2023-01-21,Z2_Residential,5,1,1,3.45,78.62,0,3887.86
2023-01-21,Z3_Industrial,5,1,1,1.34,73.92,0,7637.59
2023-01-21,Z4_Suburban,5,1,1,2.12,77.43,1,5141.44
2023-01-21,Z5_Entertainment,5,1,1,5.18,64.86,0,3989.53
2023-01-22,Z1_Downtown,6,1,1,-2.6,71.47,0,6592.76
2023-01-22,Z2_Residential,6,1,1,3.73,80.3,0,3823.02
2023-01-22,Z3_Industrial,6,1,1,6.62,75.32,0,7178.14
2023-01-22,Z4_Suburban,6,1,1,-0.47,70.42,0,4881.05
2023-01-22,Z5_Entertainment,6,1,1,7.53,67.95,1,4926.75
2023-01-23,Z1_Downtown,0,1,0,4.55,74.24,0,6374.49
2023-01-23,Z2_Residential,0,1,0,1.85,72.22,0,3507.38
2023-01-23,Z3_Industrial,0,1,0,4.43,73.95,0,9762.87
2023-01-23,Z4_Suburban,0,1,0,6.67,73.18,0,4595.58
2023-01-23,Z5_Entertainment,0,1,0,2.53,80.46,1,5031.17
2023-01-24,Z1_Downtown,1,1,0,4.37,84.68,0,6266.79
2023-01-24,Z2_Residential,1,1,0,3.9,80.3,0,3669.25
2023-01-24,Z3_Industrial,1,1,0,3.43,76.49,0,9043.91
2023-01-24,Z4_Suburban,1,1,0,-1.68,69.33,1,4861.99
2023-01-24,Z5_Entertainment,1,1,0,8.34,80.45,0,4089.64
2023-01-25,Z1_Downtown,2,1,0,2.62,73.52,0,6383.89
2023-01-25,Z2_Residential,2,1,0,2.79,80.26,0,3660.27
2023-01-25,Z3_Industrial,2,1,0,10.13,76.06,0,9582.96
2023-01-25,Z4_Suburban,2,1,0,5.09,74.66,0,4358.8
2023-01-25,Z5_Entertainment,2,1,0,4.71,70.69,0,4154.7
2023-01-26,Z1_Downtown,3,1,0,5.44,80.39,1,6701.7
2023-01-26,Z2_Residential,3,1,0,4.92,73.42,0,3279.16
2023-01-26,Z3_Industrial,3,1,0,2.94,65.01,0,10139.17
2023-01-26,Z4_Suburban,3,1,0,6.02,71.37,0,3917.95
2023-01-26,Z5_Entertainment,3,1,0,2.42,87.07,0,4099.6
2023-01-27,Z1_Downtown,4,1,0,5.09,67.18,0,6101.45
2023-01-27,Z2_Residential,4,1,0,3.71,78.93,0,3701.41
2023-01-27,Z3_Industrial,4,1,0,2.21,79.47,0,9306.66
2023-01-27,Z4_Suburban,4,1,0,1.71,81.66,0,4927.4
2023-01-27,Z5_Entertainment,4,1,0,2.82,82.26,0,4195.15
2023-01-28,Z1_Downtown,5,1,1,7.99,73.18,0,6091.95
2023-01-28,Z2_Residential,5,1,1,5.21,67.16,0,3560.78
2023-01-28,Z3_Industrial,5,1,1,6.95,63.02,1,6985.52
2023-01-28,Z4_Suburban,5,1,1,2.01,76.23,0,4750.32
2023-01-28,Z5_Entertainment,5,1,1,3.68,76.01,0,4416.75
2023-01-29,Z1_Downtown,6,1,1,5.88,76.92,0,6389.33
2023-01-29,Z2_Residential,6,1,1,9.32,74.56,0,3498.82
2023-01-29,Z3_Industrial,6,1,1,1.65,68.78,0,7242.29
2023-01-29,Z4_Suburban,6,1,1,2.01,74.64,0,4771.83
2023-01-29,Z5_Entertainment,6,1,1,2.31,79.5,1,5226.3
2023-01-30,Z1_Downtown,0,1,0,2.75,77.74,0,5932.16
2023-01-30,Z2_Residential,0,1,0,4.21,76.31,0,3593.61
2023-01-30,Z3_Industrial,0,1,0,0.75,81.68,0,9607.89
2023-01-30,Z4_Suburban,0,1,0,5.29,62.95,0,4222.62
2023-01-30,Z5_Entertainment,0,1,0,1.7,78.57,0,3975.24
2023-01-31,Z1_Downtown,1,1,0,2.45,76.18,0,5985.62
2023-01-31,Z2_Residential,1,1,0,5.16,84.1,0,3580.04
2023-01-31,Z3_Industrial,1,1,0,0.41,68.59,0,9471.76
2023-01-31,Z4_Suburban,1,1,0,6.57,76.21,0,4561.89
2023-01-31,Z5_Entertainment,1,1,0,3.1,81.37,0,4045.57
2023-02-01,Z1_Downtown,2,2,0,6.06,78.81,1,6336.82
2023-02-01,Z2_Residential,2,2,0,6.05,69.82,0,3254.12
2023-02-01,Z3_Industrial,2,2,0,5.82,70.96,0,9866.83
2023-02-01,Z4_Suburban,2,2,0,5.31,71.92,0,4359.61
2023-02-01,Z5_Entertainment,2,2,0,4.78,76.34,0,4159.49
2023-02-02,Z1_Downtown,3,2,0,3.54,72.92,0,5952.87
2023-02-02,Z2_Residential,3,2,0,-1.16,83.03,0,3759.43
2023-02-02,Z3_Industrial,3,2,0,0.03,73.43,0,9617.71
2023-02-02,Z4_Suburban,3,2,0,2.09,77.88,0,4374.58
2023-02-02,Z5_Entertainment,3,2,0,6.62,85.24,0,4041.25
2023-02-03,Z1_Downtown,4,2,0,4.68,78.04,0,5888.82
2023-02-03,Z2_Residential,4,2,0,0.71,75.79,0,3904.65
2023-02-03,Z3_Industrial,4,2,0,4.6,83.3,1,10074.05
2023-02-03,Z4_Suburban,4,2,0,5.84,70.62,0,4594.12
2023-02-03,Z5_Entertainment,4,2,0,4.23,66.5,0,3907.2
2023-02-04,Z1_Downtown,5,2,1,4.35,74.54,0,5995.63
2023-02-04,Z2_Residential,5,2,1,6.41,72.33,0,3756.05
2023-02-04,Z3_Industrial,5,2,1,5.89,71.38,0,7585.05
2023-02-04,Z4_Suburban,5,2,1,6.08,86.86,0,4944.99
2023-02-04,Z5_Entertainment,5,2,1,4.79,79.03,0,4494.61
2023-02-05,Z1_Downtown,6,2,1,4.08,72.74,0,6551.9
2023-02-05,Z2_Residential,6,2,1,9.13,72.63,0,3617.9
2023-02-05,Z3_Industrial,6,2,1,4.77,79.68,0,7142.54
2023-02-05,Z4_Suburban,6,2,1,3.43,63.32,1,4724.01
2023-02-05,Z5_Entertainment,6,2,1,4.88,80.48,1,5044.05
2023-02-06,Z1_Downtown,0,2,0,5.42,80.14,0,5956.15
2023-02-06,Z2_Residential,0,2,0,6.95,73.78,0,3455.03
2023-02-06,Z3_Industrial,0,2,0,7.31,69.72,1,9689.41
2023-02-06,Z4_Suburban,0,2,0,2.52,67.07,0,4356.82
2023-02-06,Z5_Entertainment,0,2,0,3.0,74.41,0,3756.21
2023-02-07,Z1_Downtown,1,2,0,2.0,70.24,0,6307.71
2023-02-07,Z2_Residential,1,2,0,7.66,69.16,0,3437.54
2023-02-07,Z3_Industrial,1,2,0,5.88,77.6,0,9720.26
2023-02-07,Z4_Suburban,1,2,0,6.13,78.75,1,4618.47
2023-02-07,Z5_Entertainment,1,2,0,0.12,79.87,0,4037.74
2023-02-08,Z1_Downtown,2,2,0,1.27,75.32,0,6732.43
2023-02-08,Z2_Residential,2,2,0,7.21,72.96,0,3440.71
2023-02-08,Z3_Industrial,2,2,0,5.17,69.75,0,10280.03
2023-02-08,Z4_Suburban,2,2,0,8.76,70.22,0,4419.81
2023-02-08,Z5_Entertainment,2,2,0,7.03,81.07,0,4180.27
2023-02-09,Z1_Downtown,3,2,0,7.7,76.48,0,6054.93
2023-02-09,Z2_Residential,3,2,0,4.71,68.38,0,3680.46
2023-02-09,Z3_Industrial,3,2,0,9.5,76.05,0,9560.21
2023-02-09,Z4_Suburban,3,2,0,6.61,69.31,0,4362.23
2023-02-09,Z5_Entertainment,3,2,0,2.85,74.52,1,5296.08
2023-02-10,Z1_Downtown,4,2,0,8.53,74.79,0,5994.86
2023-02-10,Z2_Residential,4,2,0,5.78,69.32,0,3342.81
2023-02-10,Z3_Industrial,4,2,0,3.17,77.29,0,8975.43
2023-02-10,Z4_Suburban,4,2,0,5.98,79.71,0,4723.41
2023-02-10,Z5_Entertainment,4,2,0,6.39,70.51,0,4078.52
2023-02-11,Z1_Downtown,5,2,1,7.43,81.12,0,6253.94
2023-02-11,Z2_Residential,5,2,1,3.37,73.09,0,3730.04
2023-02-11,Z3_Industrial,5,2,1,5.04,75.95,0,7187.72
2023-02-11,Z4_Suburban,5,2,1,7.26,72.67,0,4641.39
2023-02-11,Z5_Entertainment,5,2,1,3.63,72.27,1,5007.44
2023-02-12,Z1_Downtown,6,2,1,1.38,65.32,0,6437.51
2023-02-12,Z2_Residential,6,2,1,6.38,80.7,0,3807.65
2023-02-12,Z3_Industrial,6,2,1,10.58,68.99,0,7080.65
2023-02-12,Z4_Suburban,6,2,1,4.44,72.99,0,4974.29
2023-02-12,Z5_Entertainment,6,2,1,5.83,84.15,0,4577.65
2023-02-13,Z1_Downtown,0,2,0,6.64,75.22,0,6810.67
2023-02-13,Z2_Residential,0,2,0,9.0,71.03,0,3316.14
2023-02-13,Z3_Industrial,0,2,0,5.64,79.11,0,9728.52
2023-02-13,Z4_Suburban,0,2,0,6.9,76.25,0,4152.23
2023-02-13,Z5_Entertainment,0,2,0,8.54,69.66,1,4868.47
2023-02-14,Z1_Downtown,1,2,0,7.28,71.04,0,5699.47
2023-02-14,Z2_Residential,1,2,0,6.05,71.58,0,3493.17
2023-02-14,Z3_Industrial,1,2,0,4.55,78.12,0,8917.24
2023-02-14,Z4_Suburban,1,2,0,2.17,74.44,0,4538.74
2023-02-14,Z5_Entertainment,1,2,0,7.0,75.63,0,3864.9
2023-02-15,Z1_Downtown,2,2,0,4.34,68.97,0,6415.45
2023-02-15,Z2_Residential,2,2,0,6.19,61.93,0,3230.86
2023-02-15,Z3_Industrial,2,2,0,5.87,72.39,0,9480.64
2023-02-15,Z4_Suburban,2,2,0,9.89,71.05,0,4380.29
2023-02-15,Z5_Entertainment,2,2,0,3.43,76.38,0,4090.38
2023-02-16,Z1_Downtown,3,2,0,11.44,71.25,0,5837.71
2023-02-16,Z2_Residential,3,2,0,4.28,74.71,0,3452.06
2023-02-16,Z3_Industrial,3,2,0,8.46,77.14,0,9949.73
2023-02-16,Z4_Suburban,3,2,0,10.36,81.54,0,4711.39
2023-02-16,Z5_Entertainment,3,2,0,2.77,72.77,0,4127.14
2023-02-17,Z1_Downtown,4,2,0,6.24,73.45,0,6037.3
2023-02-17,Z2_Residential,4,2,0,8.71,73.12,0,3397.06
2023-02-17,Z3_Industrial,4,2,0,8.79,80.11,0,9696.1
2023-02-17,Z4_Suburban,4,2,0,9.15,68.53,0,4429.12
2023-02-17,Z5_Entertainment,4,2,0,9.84,75.34,0,4056.54
2023-02-18,Z1_Downtown,5,2,1,10.88,75.65,0,6203.13
2023-02-18,Z2_Residential,5,2,1,0.55,76.12,0,3656.26
2023-02-18,Z3_Industrial,5,2,1,9.01,76.59,0,7120.54
2023-02-18,Z4_Suburban,5,2,1,11.3,71.78,0,4511.81
2023-02-18,Z5_Entertainment,5,2,1,8.9,82.29,0,4077.11
2023-02-19,Z1_Downtown,6,2,1,7.81,73.94,0,6150.6
2023-02-19,Z2_Residential,6,2,1,6.23,78.74,0,3701.75
2023-02-19,Z3_Industrial,6,2,1,7.82,75.24,0,7048.87
2023-02-19,Z4_Suburban,6,2,1,5.48,79.64,0,4534.14
2023-02-19,Z5_Entertainment,6,2,1,9.2,76.44,0,4234.05
2023-02-20,Z1_Downtown,0,2,0,10.14,75.9,1,6201.43
2023-02-20,Z2_Residential,0,2,0,9.13,72.52,0,3487.88
2023-02-20,Z3_Industrial,0,2,0,12.0,83.0,0,9527.31
2023-02-20,Z4_Suburban,0,2,0,9.18,77.86,0,4463.52
2023-02-20,Z5_Entertainment,0,2,0,10.36,73.73,0,3904.01
2023-02-21,Z1_Downtown,1,2,0,10.1,73.95,1,6667.08
2023-02-21,Z2_Residential,1,2,0,7.57,77.72,1,3727.37
2023-02-21,Z3_Industrial,1,2,0,12.12,71.43,0,9137.18
2023-02-21,Z4_Suburban,1,2,0,5.96,74.2,0,4401.38
2023-02-21,Z5_Entertainment,1,2,0,10.06,75.64,0,4042.12
2023-02-22,Z1_Downtown,2,2,0,10.27,63.3,0,5320.59
2023-02-22,Z2_Residential,2,2,0,8.81,73.82,0,3553.37
2023-02-22,Z3_Industrial,2,2,0,9.23,71.34,1,9544.93
2023-02-22,Z4_Suburban,2,2,0,8.72,78.77,0,4601.96
2023-02-22,Z5_Entertainment,2,2,0,10.42,69.07,0,4054.3
2023-02-23,Z1_Downtown,3,2,0,9.2,69.93,0,5790.86
2023-02-23,Z2_Residential,3,2,0,10.3,68.96,0,3148.57
2023-02-23,Z3_Industrial,3,2,0,8.43,74.29,0,9043.01
2023-02-23,Z4_Suburban,3,2,0,12.62,74.49,0,4380.18
2023-02-23,Z5_Entertainment,3,2,0,10.05,72.97,1,4793.64
2023-02-24,Z1_Downtown,4,2,0,11.99,70.41,1,6234.59
2023-02-24,Z2_Residential,4,2,0,10.3,80.86,0,3425.09
2023-02-24,Z3_Industrial,4,2,0,6.37,72.49,0,9244.97
2023-02-24,Z4_Suburban,4,2,0,9.73,80.23,0,4374.74
2023-02-24,Z5_Entertainment,4,2,0,12.75,74.85,1,4941.74
2023-02-25,Z1_Downtown,5,2,1,9.53,74.07,0,5809.21
2023-02-25,Z2_Residential,5,2,1,5.52,76.79,0,3659.56
2023-02-25,Z3_Industrial,5,2,1,9.4,77.5,0,7134.14
2023-02-25,Z4_Suburban,5,2,1,12.44,81.42,0,4845.21
2023-02-25,Z5_Entertainment,5,2,1,12.48,79.17,0,4289.21
2023-02-26,Z1_Downtown,6,2,1,10.9,67.92,0,5748.83
2023-02-26,Z2_Residential,6,2,1,7.61,79.93,0,3901.08
2023-02-26,Z3_Industrial,6,2,1,8.92,67.65,0,7333.42
2023-02-26,Z4_Suburban,6,2,1,9.8,79.08,0,4706.17
2023-02-26,Z5_Entertainment,6,2,1,7.13,75.66,1,5018.75
2023-02-27,Z1_Downtown,0,2,0,9.23,72.37,0,6344.37
2023-02-27,Z2_Residential,0,2,0,9.58,72.07,0,3243.07
2023-02-27,Z3_Industrial,0,2,0,9.17,69.86,1,9679.42
2023-02-27,Z4_Suburban,0,2,0,13.04,73.6,0,4330.23
2023-02-27,Z5_Entertainment,0,2,0,9.83,81.89,0,3700.52
2023-02-28,Z1_Downtown,1,2,0,8.69,73.24,0,6074.62
2023-02-28,Z2_Residential,1,2,0,9.09,78.26,0,3470.1
2023-02-28,Z3_Industrial,1,2,0,12.46,74.53,0,9808.77
2023-02-28,Z4_Suburban,1,2,0,10.33,73.18,0,3935.23
2023-02-28,Z5_Entertainment,1,2,0,6.5,67.23,0,3966.36
2023-03-01,Z1_Downtown,2,3,0,6.51,68.12,0,6592.28
2023-03-01,Z2_Residential,2,3,0,14.78,70.99,1,3584.72
2023-03-01,Z3_Industrial,2,3,0,5.5,72.46,0,9572.57
2023-03-01,Z4_Suburban,2,3,0,6.27,69.23,0,4419.42
2023-03-01,Z5_Entertainment,2,3,0,11.32,66.44,0,3807.37
2023-03-02,Z1_Downtown,3,3,0,12.08,72.86,0,5829.53
2023-03-02,Z2_Residential,3,3,0,11.42,75.98,0,3587.82
2023-03-02,Z3_Industrial,3,3,0,13.02,71.63,1,10469.73
2023-03-02,Z4_Suburban,3,3,0,15.4,66.77,0,4465.47
2023-03-02,Z5_Entertainment,3,3,0,7.86,66.3,0,4039.93
2023-03-03,Z1_Downtown,4,3,0,10.48,69.53,0,5710.96
2023-03-03,Z2_Residential,4,3,0,8.53,84.19,0,3647.81
2023-03-03,Z3_Industrial,4,3,0,9.51,71.85,0,8535.28
2023-03-03,Z4_Suburban,4,3,0,7.29,63.73,0,4038.91
2023-03-03,Z5_Entertainment,4,3,0,14.04,72.56,0,4026.91
2023-03-04,Z1_Downtown,5,3,1,12.92,68.14,0,6234.18
2023-03-04,Z2_Residential,5,3,1,9.52,75.44,0,3529.37
2023-03-04,Z3_Industrial,5,3,1,8.15,66.72,0,6659.72
2023-03-04,Z4_Suburban,5,3,1,11.18,74.28,0,4561.39
2023-03-04,Z5_Entertainment,5,3,1,12.39,75.74,1,5277.88
2023-03-05,Z1_Downtown,6,3,1,8.69,80.92,0,6468.76
2023-03-05,Z2_Residential,6,3,1,11.36,70.44,0,3503.35
2023-03-05,Z3_Industrial,6,3,1,7.29,77.34,0,7117.34
2023-03-05,Z4_Suburban,6,3,1,11.95,68.88,0,4586.79
2023-03-05,Z5_Entertainment,6,3,1,11.1,81.2,1,5261.9
2023-03-06,Z1_Downtown,0,3,0,11.67,76.34,0,5919.2
2023-03-06,Z2_Residential,0,3,0,11.14,68.18,0,3381.37
2023-03-06,Z3_Industrial,0,3,0,12.91,80.04,0,9417.65
2023-03-06,Z4_Suburban,0,3,0,12.36,69.24,1,4517.98
2023-03-06,Z5_Entertainment,0,3,0,15.48,74.18,1,5057.09
2023-03-07,Z1_Downtown,1,3,0,6.23,62.14,0,6000.71
2023-03-07,Z2_Residential,1,3,0,12.28,65.58,0,3523.39
2023-03-07,Z3_Industrial,1,3,0,13.72,73.06,0,9389.24
2023-03-07,Z4_Suburban,1,3,0,6.34,73.5,0,4176.19
2023-03-07,Z5_Entertainment,1,3,0,10.01,66.42,0,3940.46
2023-03-08,Z1_Downtown,2,3,0,6.68,75.13,0,6012.09
2023-03-08,Z2_Residential,2,3,0,5.69,67.08,0,3058.6
2023-03-08,Z3_Industrial,2,3,0,11.02,66.16,0,9261.93
2023-03-08,Z4_Suburban,2,3,0,12.9,74.89,0,4334.67
2023-03-08,Z5_Entertainment,2,3,0,12.83,64.63,0,3804.53
2023-03-09,Z1_Downtown,3,3,0,10.73,71.79,0,5947.41
2023-03-09,Z2_Residential,3,3,0,14.55,73.37,0,3344.57
2023-03-09,Z3_Industrial,3,3,0,13.98,62.51,1,10040.63
2023-03-09,Z4_Suburban,3,3,0,12.8,73.96,0,4428.18
2023-03-09,Z5_Entertainment,3,3,0,13.77,85.46,0,3902.82
2023-03-10,Z1_Downtown,4,3,0,13.43,73.94,0,5672.0
2023-03-10,Z2_Residential,4,3,0,18.14,73.38,0,3481.97
2023-03-10,Z3_Industrial,4,3,0,12.09,70.48,0,9040.53
2023-03-10,Z4_Suburban,4,3,0,13.25,81.31,0,4421.87
2023-03-10,Z5_Entertainment,4,3,0,11.1,69.69,0,3889.53
2023-03-11,Z1_Downtown,5,3,1,14.89,62.92,0,5935.24
2023-03-11,Z2_Residential,5,3,1,13.54,65.95,1,4030.81
2023-03-11,Z3_Industrial,5,3,1,15.0,64.01,0,7399.4
2023-03-11,Z4_Suburban,5,3,1,8.59,71.46,0,4632.77
2023-03-11,Z5_Entertainment,5,3,1,13.05,73.04,0,4356.45
2023-03-12,Z1_Downtown,6,3,1,5.67,69.83,0,5866.91
2023-03-12,Z2_Residential,6,3,1,13.08,77.66,1,4054.98
2023-03-12,Z3_Industrial,6,3,1,10.55,68.06,0,7138.5
2023-03-12,Z4_Suburban,6,3,1,14.0,62.06,0,4435.92
2023-03-12,Z5_Entertainment,6,3,1,12.38,74.29,0,4355.95
2023-03-13,Z1_Downtown,0,3,0,12.27,70.23,1,6347.11
2023-03-13,Z2_Residential,0,3,0,14.81,72.53,0,3349.2
2023-03-13,Z3_Industrial,0,3,0,14.36,69.15,0,8931.65
2023-03-13,Z4_Suburban,0,3,0,16.23,78.09,1,5141.17
2023-03-13,Z5_Entertainment,0,3,0,15.57,76.1,0,3946.63
2023-03-14,Z1_Downtown,1,3,0,12.79,73.03,0,5946.29
2023-03-14,Z2_Residential,1,3,0,11.04,75.2,0,3466.16
2023-03-14,Z3_Industrial,1,3,0,15.18,69.72,0,9199.25
2023-03-14,Z4_Suburban,1,3,0,9.23,72.26,0,4267.8
2023-03-14,Z5_Entertainment,1,3,0,5.93,64.84,0,3901.95
2023-03-15,Z1_Downtown,2,3,0,14.46,63.95,0,5798.15
2023-03-15,Z2_Residential,2,3,0,14.28,82.53,0,3431.1
2023-03-15,Z3_Industrial,2,3,0,12.07,69.27,0,9487.83
2023-03-15,Z4_Suburban,2,3,0,12.57,78.24,0,4805.36
2023-03-15,Z5_Entertainment,2,3,0,13.78,79.83,0,4149.35
2023-03-16,Z1_Downtown,3,3,0,11.98,66.45,0,6080.95
2023-03-16,Z2_Residential,3,3,0,13.9,64.29,0,3068.78
2023-03-16,Z3_Industrial,3,3,0,9.38,71.27,0,9538.04
2023-03-16,Z4_Suburban,3,3,0,8.15,69.77,0,4665.9
2023-03-16,Z5_Entertainment,3,3,0,10.15,68.77,1,4914.03
2023-03-17,Z1_Downtown,4,3,0,15.45,71.11,0,6069.29
2023-03-17,Z2_Residential,4,3,0,12.01,74.93,0,3421.17
2023-03-17,Z3_Industrial,4,3,0,14.48,67.46,0,9285.8
2023-03-17,Z4_Suburban,4,3,0,11.36,68.77,0,4310.8
2023-03-17,Z5_Entertainment,4,3,0,11.16,74.1,0,3882.15
2023-03-18,Z1_Downtown,5,3,1,12.72,76.98,0,6086.7
2023-03-18,Z2_Residential,5,3,1,15.52,59.82,0,3653.48
2023-03-18,Z3_Industrial,5,3,1,14.61,70.69,0,7554.3
2023-03-18,Z4_Suburban,5,3,1,9.28,61.94,0,4235.61
2023-03-18,Z5_Entertainment,5,3,1,17.56,68.78,0,3946.07
2023-03-19,Z1_Downtown,6,3,1,7.64,68.99,0,6079.5
2023-03-19,Z2_Residential,6,3,1,17.22,76.16,1,3720.64
2023-03-19,Z3_Industrial,6,3,1,16.06,72.94,0,7583.84
2023-03-19,Z4_Suburban,6,3,1,11.61,80.21,0,4786.62
2023-03-19,Z5_Entertainment,6,3,1,10.3,65.51,0,4086.86
2023-03-20,Z1_Downtown,0,3,0,16.86,71.16,0,6205.67
2023-03-20,Z2_Residential,0,3,0,14.17,61.07,0,3283.38
2023-03-20,Z3_Industrial,0,3,0,15.75,62.14,1,9485.36
2023-03-20,Z4_Suburban,0,3,0,13.85,63.09,0,4036.19
2023-03-20,Z5_Entertainment,0,3,0,16.69,74.02,0,3908.93
2023-03-21,Z1_Downtown,1,3,0,15.35,65.7,0,5627.43
2023-03-21,Z2_Residential,1,3,0,13.41,63.96,0,3340.94
2023-03-21,Z3_Industrial,1,3,0,11.03,69.9,0,9659.49
2023-03-21,Z4_Suburban,1,3,0,14.97,62.51,0,4150.01
2023-03-21,Z5_Entertainment,1,3,0,17.57,58.71,1,4979.12
2023-03-22,Z1_Downtown,2,3,0,14.86,72.33,1,6470.97
2023-03-22,Z2_Residential,2,3,0,11.19,57.86,0,3048.23
2023-03-22,Z3_Industrial,2,3,0,14.1,62.65,0,9441.89
2023-03-22,Z4_Suburban,2,3,0,13.42,71.47,0,4359.1
2023-03-22,Z5_Entertainment,2,3,0,15.84,77.47,0,3978.78
2023-03-23,Z1_Downtown,3,3,0,18.31,75.7,0,5867.28
2023-03-23,Z2_Residential,3,3,0,18.88,71.92,0,3341.51
2023-03-23,Z3_Industrial,3,3,0,14.52,70.82,0,9516.29
2023-03-23,Z4_Suburban,3,3,0,15.68,65.99,0,4685.77
2023-03-23,Z5_Entertainment,3,3,0,11.04,71.0,1,4945.08
2023-03-24,Z1_Downtown,4,3,0,15.84,72.99,0,5948.54
2023-03-24,Z2_Residential,4,3,0,18.55,57.46,0,3234.07
2023-03-24,Z3_Industrial,4,3,0,18.42,63.08,0,9570.95
2023-03-24,Z4_Suburban,4,3,0,15.68,70.59,0,4001.19
2023-03-24,Z5_Entertainment,4,3,0,18.16,69.22,0,3719.75
2023-03-25,Z1_Downtown,5,3,1,17.22,56.9,1,6229.05
2023-03-25,Z2_Residential,5,3,1,16.1,68.38,0,3477.65
2023-03-25,Z3_Industrial,5,3,1,14.23,66.44,0,7442.33
2023-03-25,Z4_Suburban,5,3,1,15.0,67.79,0,4503.94
2023-03-25,Z5_Entertainment,5,3,1,11.56,72.73,0,4536.02
2023-03-26,Z1_Downtown,6,3,1,13.45,68.25,0,6342.41
2023-03-26,Z2_Residential,6,3,1,14.46,69.88,0,3554.7
2023-03-26,Z3_Industrial,6,3,1,14.46,68.32,0,7332.23
2023-03-26,Z4_Suburban,6,3,1,17.33,67.63,0,4599.41
2023-03-26,Z5_Entertainment,6,3,1,17.11,65.13,1,4791.57
2023-03-27,Z1_Downtown,0,3,0,13.88,65.86,0,5698.55
2023-03-27,Z2_Residential,0,3,0,18.04,65.86,1,3653.56
2023-03-27,Z3_Industrial,0,3,0,18.63,65.88,0,9468.03
2023-03-27,Z4_Suburban,0,3,0,12.99,65.89,0,4273.37
2023-03-27,Z5_Entertainment,0,3,0,15.28,80.43,1,4933.9
2023-03-28,Z1_Downtown,1,3,0,13.86,65.87,0,5307.5
2023-03-28,Z2_Residential,1,3,0,17.27,77.85,0,3447.51
2023-03-28,Z3_Industrial,1,3,0,19.25,67.52,0,8676.46
2023-03-28,Z4_Suburban,1,3,0,18.29,67.77,0,4267.84
2023-03-28,Z5_Entertainment,1,3,0,15.22,65.7,1,4619.7
2023-03-29,Z1_Downtown,2,3,0,19.54,61.14,1,6924.52
2023-03-29,Z2_Residential,2,3,0,19.74,68.61,0,3287.81
2023-03-29,Z3_Industrial,2,3,0,17.11,68.31,0,9513.22
2023-03-29,Z4_Suburban,2,3,0,16.39,60.91,0,4266.46
2023-03-29,Z5_Entertainment,2,3,0,13.5,67.18,0,3953.25
2023-03-30,Z1_Downtown,3,3,0,16.19,75.29,0,5618.01
2023-03-30,Z2_Residential,3,3,0,18.84,64.03,1,3713.72
2023-03-30,Z3_Industrial,3,3,0,15.93,72.37,0,9301.91
2023-03-30,Z4_Suburban,3,3,0,15.52,65.08,0,4294.53
2023-03-30,Z5_Entertainment,3,3,0,21.44,79.24,0,4075.91
2023-03-31,Z1_Downtown,4,3,0,14.46,63.8,0,5585.12
2023-03-31,Z2_Residential,4,3,0,14.77,66.96,1,3791.36
2023-03-31,Z3_Industrial,4,3,0,15.1,81.73,0,9447.02
2023-03-31,Z4_Suburban,4,3,0,16.27,68.05,0,4524.62
2023-03-31,Z5_Entertainment,4,3,0,20.2,69.17,0,4022.65
2023-04-01,Z1_Downtown,5,4,1,14.83,74.77,1,6740.34
2023-04-01,Z2_Residential,5,4,1,11.54,62.55,0,3585.8
2023-04-01,Z3_Industrial,5,4,1,20.41,59.5,0,7590.39
2023-04-01,Z4_Suburban,5,4,1,13.49,67.42,0,4384.29
2023-04-01,Z5_Entertainment,5,4,1,13.0,65.83,0,4106.07
2023-04-02,Z1_Downtown,6,4,1,16.46,65.02,0,6142.83
2023-04-02,Z2_Residential,6,4,1,17.11,65.19,0,3216.4
2023-04-02,Z3_Industrial,6,4,1,19.06,67.23,0,7577.06
2023-04-02,Z4_Suburban,6,4,1,12.99,57.37,0,4251.46
2023-04-02,Z5_Entertainment,6,4,1,18.3,64.93,0,4276.06
2023-04-03,Z1_Downtown,0,4,0,19.32,65.71,0,6083.37
2023-04-03,Z2_Residential,0,4,0,21.16,70.23,0,3503.88
2023-04-03,Z3_Industrial,0,4,0,20.26,74.8,0,9492.23
2023-04-03,Z4_Suburban,0,4,0,19.98,67.3,0,4348.73
2023-04-03,Z5_Entertainment,0,4,0,19.55,67.45,0,3927.96
2023-04-04,Z1_Downtown,1,4,0,22.04,62.28,0,6002.44
2023-04-04,Z2_Residential,1,4,0,20.54,59.29,0,3006.87
2023-04-04,Z3_Industrial,1,4,0,18.42,61.19,1,9961.24
2023-04-04,Z4_Suburban,1,4,0,16.74,67.94,0,4353.1
2023-04-04,Z5_Entertainment,1,4,0,19.53,63.32,1,5010.02
2023-04-05,Z1_Downtown,2,4,0,19.56,59.56,0,5615.02
2023-04-05,Z2_Residential,2,4,0,22.11,71.67,0,3483.36
2023-04-05,Z3_Industrial,2,4,0,18.05,69.94,0,9620.13
2023-04-05,Z4_Suburban,2,4,0,20.75,63.74,0,4040.33
2023-04-05,Z5_Entertainment,2,4,0,15.91,57.41,0,4169.23
2023-04-06,Z1_Downtown,3,4,0,22.37,58.19,1,6912.1
2023-04-06,Z2_Residential,3,4,0,17.67,66.82,0,3316.03
2023-04-06,Z3_Industrial,3,4,0,16.15,67.31,0,9728.23
2023-04-06,Z4_Suburban,3,4,0,21.37,62.4,0,3873.84
2023-04-06,Z5_Entertainment,3,4,0,18.14,63.41,0,3990.54
2023-04-07,Z1_Downtown,4,4,0,17.91,60.7,0,6054.16
2023-04-07,Z2_Residential,4,4,0,20.55,65.43,0,3192.96
2023-04-07,Z3_Industrial,4,4,0,19.12,66.82,0,9702.72
2023-04-07,Z4_Suburban,4,4,0,17.09,68.63,1,4126.93
2023-04-07,Z5_Entertainment,4,4,0,22.01,50.84,0,4094.46
2023-04-08,Z1_Downtown,5,4,1,18.48,58.51,1,6847.76
2023-04-08,Z2_Residential,5,4,1,14.47,71.49,0,3385.25
2023-04-08,Z3_Industrial,5,4,1,17.81,60.76,0,7485.45
2023-04-08,Z4_Suburban,5,4,1,14.97,63.83,0,4581.01
2023-04-08,Z5_Entertainment,5,4,1,15.89,73.87,0,3988.07
2023-04-09,Z1_Downtown,6,4,1,17.8,61.6,0,6034.78
2023-04-09,Z2_Residential,6,4,1,16.43,54.7,0,3105.68
2023-04-09,Z3_Industrial,6,4,1,17.62,61.06,1,7997.66
2023-04-09,Z4_Suburban,6,4,1,19.64,66.83,0,4356.71
2023-04-09,Z5_Entertainment,6,4,1,20.04,60.48,0,3955.52
2023-04-10,Z1_Downtown,0,4,0,19.01,62.44,0,5716.31
2023-04-10,Z2_Residential,0,4,0,19.05,64.18,0,3343.75
2023-04-10,Z3_Industrial,0,4,0,20.32,64.92,0,9852.27
2023-04-10,Z4_Suburban,0,4,0,19.14,63.83,1,4825.61
2023-04-10,Z5_Entertainment,0,4,0,16.37,69.21,1,4879.97
2023-04-11,Z1_Downtown,1,4,0,23.89,67.57,0,5995.52
2023-04-11,Z2_Residential,1,4,0,20.03,63.86,0,3270.13
2023-04-11,Z3_Industrial,1,4,0,20.45,61.29,0,9023.68
2023-04-11,Z4_Suburban,1,4,0,20.93,67.85,1,4822.8
2023-04-11,Z5_Entertainment,1,4,0,20.17,67.08,0,3964.56
2023-04-12,Z1_Downtown,2,4,0,18.85,75.95,1,6411.33
2023-04-12,Z2_Residential,2,4,0,21.26,66.14,0,3515.21
2023-04-12,Z3_Industrial,2,4,0,19.94,59.33,0,9764.84
2023-04-12,Z4_Suburban,2,4,0,17.01,73.77,0,4346.12
2023-04-12,Z5_Entertainment,2,4,0,24.15,65.68,0,3948.41
2023-04-13,Z1_Downtown,3,4,0,21.85,67.02,0,5846.3
2023-04-13,Z2_Residential,3,4,0,20.72,64.29,0,3144.77
2023-04-13,Z3_Industrial,3,4,0,21.81,51.63,0,9350.39
2023-04-13,Z4_Suburban,3,4,0,23.67,62.17,0,4215.68
2023-04-13,Z5_Entertainment,3,4,0,20.68,68.32,0,4150.73
2023-04-14,Z1_Downtown,4,4,0,18.14,65.86,0,6006.17
2023-04-14,Z2_Residential,4,4,0,25.41,60.57,0,3301.95
2023-04-14,Z3_Industrial,4,4,0,22.27,66.88,0,9157.99
2023-04-14,Z4_Suburban,4,4,0,22.54,58.27,0,4650.85
2023-04-14,Z5_Entertainment,4,4,0,21.54,67.3,0,3724.87
2023-04-15,Z1_Downtown,5,4,1,19.33,58.68,0,6449.03
2023-04-15,Z2_Residential,5,4,1,21.52,66.04,0,3556.04
2023-04-15,Z3_Industrial,5,4,1,23.25,63.98,0,7287.18
2023-04-15,Z4_Suburban,5,4,1,19.99,57.11,0,4254.66
2023-04-15,Z5_Entertainment,5,4,1,20.98,57.71,0,4156.58
2023-04-16,Z1_Downtown,6,4,1,15.67,59.32,1,6684.33
2023-04-16,Z2_Residential,6,4,1,18.17,64.68,0,3560.92
2023-04-16,Z3_Industrial,6,4,1,20.82,61.55,0,7443.55
2023-04-16,Z4_Suburban,6,4,1,21.55,67.04,0,4649.66
2023-04-16,Z5_Entertainment,6,4,1,21.3,67.82,0,4079.48
2023-04-17,Z1_Downtown,0,4,0,16.75,71.36,0,5493.12
2023-04-17,Z2_Residential,0,4,0,19.49,67.5,0,3269.2
2023-04-17,Z3_Industrial,0,4,0,24.78,58.41,1,9877.21
2023-04-17,Z4_Suburban,0,4,0,22.25,66.12,0,4349.09
2023-04-17,Z5_Entertainment,0,4,0,22.5,62.35,0,4018.48
2023-04-18,Z1_Downtown,1,4,0,22.03,67.25,0,6049.53
2023-04-18,Z2_Residential,1,4,0,19.47,63.73,0,3313.5
2023-04-18,Z3_Industrial,1,4,0,27.01,60.77,0,10043.42
2023-04-18,Z4_Suburban,1,4,0,21.73,75.08,0,4517.98
2023-04-18,Z5_Entertainment,1,4,0,19.49,61.63,0,4070.05
2023-04-19,Z1_Downtown,2,4,0,22.5,69.44,0,6000.92
2023-04-19,Z2_Residential,2,4,0,28.46,65.11,0,3486.33
2023-04-19,Z3_Industrial,2,4,0,19.35,67.82,1,9792.05
2023-04-19,Z4_Suburban,2,4,0,21.54,66.8,0,4134.54
2023-04-19,Z5_Entertainment,2,4,0,22.26,66.14,0,3889.71
2023-04-20,Z1_Downtown,3,4,0,23.61,59.17,0,5826.64
2023-04-20,Z2_Residential,3,4,0,25.17,66.05,0,3647.26
2023-04-20,Z3_Industrial,3,4,0,28.94,54.34,0,9413.04
2023-04-20,Z4_Suburban,3,4,0,19.79,57.5,0,3900.1
2023-04-20,Z5_Entertainment,3,4,0,22.75,63.15,0,4089.94
2023-04-21,Z1_Downtown,4,4,0,23.63,60.77,0,6113.82
2023-04-21,Z2_Residential,4,4,0,17.47,57.62,0,3173.67
2023-04-21,Z3_Industrial,4,4,0,21.82,60.29,0,9766.74
2023-04-21,Z4_Suburban,4,4,0,23.94,57.98,0,4218.05
2023-04-21,Z5_Entertainment,4,4,0,22.55,53.35,0,3960.03
2023-04-22,Z1_Downtown,5,4,1,21.79,58.31,0,6116.01
2023-04-22,Z2_Residential,5,4,1,22.55,65.4,0,3563.8
2023-04-22,Z3_Industrial,5,4,1,21.19,64.57,1,7347.39
2023-04-22,Z4_Suburban,5,4,1,24.3,67.28,0,4880.21
2023-04-22,Z5_Entertainment,5,4,1,20.16,62.45,0,4140.18
2023-04-23,Z1_Downtown,6,4,1,20.91,54.7,0,5910.21
2023-04-23,Z2_Residential,6,4,1,22.75,58.15,0,3550.24
2023-04-23,Z3_Industrial,6,4,1,22.91,65.02,0,7420.55
2023-04-23,Z4_Suburban,6,4,1,23.74,56.74,0,4644.44
2023-04-23,Z5_Entertainment,6,4,1,20.22,56.9,0,4114.91
2023-04-24,Z1_Downtown,0,4,0,20.48,60.34,0,5727.25
2023-04-24,Z2_Residential,0,4,0,19.25,66.58,0,3237.03
2023-04-24,Z3_Industrial,0,4,0,18.78,58.14,1,10149.07
2023-04-24,Z4_Suburban,0,4,0,20.14,61.44,0,3789.04
2023-04-24,Z5_Entertainment,0,4,0,25.32,55.95,0,4064.63
2023-04-25,Z1_Downtown,1,4,0,25.65,64.37,0,5996.89
2023-04-25,Z2_Residential,1,4,0,23.28,60.64,0,3467.05
2023-04-25,Z3_Industrial,1,4,0,24.45,60.54,0,9425.36
2023-04-25,Z4_Suburban,1,4,0,23.97,56.16,0,4329.2
2023-04-25,Z5_Entertainment,1,4,0,23.25,46.29,1,5130.72
2023-04-26,Z1_Downtown,2,4,0,21.76,51.43,0,5903.98
2023-04-26,Z2_Residential,2,4,0,25.89,62.74,0,3516.13
2023-04-26,Z3_Industrial,2,4,0,24.87,72.74,0,9040.82
2023-04-26,Z4_Suburban,2,4,0,24.25,67.06,0,4313.33
2023-04-26,Z5_Entertainment,2,4,0,26.04,65.99,0,3973.83
2023-04-27,Z1_Downtown,3,4,0,22.06,59.57,1,6372.64
2023-04-27,Z2_Residential,3,4,0,16.42,58.92,0,3123.94
2023-04-27,Z3_Industrial,3,4,0,28.16,61.16,0,9755.3
2023-04-27,Z4_Suburban,3,4,0,25.39,62.49,0,4338.85
2023-04-27,Z5_Entertainment,3,4,0,24.57,62.93,0,4109.15
2023-04-28,Z1_Downtown,4,4,0,29.1,59.49,0,6587.41
2023-04-28,Z2_Residential,4,4,0,26.37,60.9,0,3527.99
2023-04-28,Z3_Industrial,4,4,0,17.97,68.19,0,9904.44
2023-04-28,Z4_Suburban,4,4,0,21.26,53.08,0,4051.45
2023-04-28,Z5_Entertainment,4,4,0,22.29,61.26,0,4122.29
2023-04-29,Z1_Downtown,5,4,1,26.33,64.8,0,6369.27
2023-04-29,Z2_Residential,5,4,1,18.57,59.64,0,3288.67
2023-04-29,Z3_Industrial,5,4,1,23.27,57.12,0,7541.38
2023-04-29,Z4_Suburban,5,4,1,25.34,63.69,0,4582.24
2023-04-29,Z5_Entertainment,5,4,1,20.75,49.65,0,4153.7
2023-04-30,Z1_Downtown,6,4,1,26.92,68.18,0,6235.26
2023-04-30,Z2_Residential,6,4,1,23.02,62.72,0,3772.61
2023-04-30,Z3_Industrial,6,4,1,26.69,58.38,1,7744.02
2023-04-30,Z4_Suburban,6,4,1,21.14,59.13,0,4624.2
2023-04-30,Z5_Entertainment,6,4,1,23.01,48.13,1,4931.77
2023-05-01,Z1_Downtown,0,5,0,24.19,59.63,0,6258.84
2023-05-01,Z2_Residential,0,5,0,20.25,57.48,0,3158.61
2023-05-01,Z3_Industrial,0,5,0,20.06,63.41,0,9524.01
2023-05-01,Z4_Suburban,0,5,0,19.18,63.59,0,4244.81
2023-05-01,Z5_Entertainment,0,5,0,21.86,54.27,1,4819.98
2023-05-02,Z1_Downtown,1,5,0,22.65,62.75,0,6258.76
2023-05-02,Z2_Residential,1,5,0,24.97,56.32,0,3438.52
2023-05-02,Z3_Industrial,1,5,0,22.1,51.57,0,9401.43
2023-05-02,Z4_Suburban,1,5,0,18.33,57.13,1,4665.02
2023-05-02,Z5_Entertainment,1,5,0,20.01,52.6,0,4114.77
2023-05-03,Z1_Downtown,2,5,0,22.58,56.39,0,5437.3
2023-05-03,Z2_Residential,2,5,0,19.79,58.14,0,3175.64
2023-05-03,Z3_Industrial,2,5,0,24.69,65.22,0,9396.87
2023-05-03,Z4_Suburban,2,5,0,24.4,68.66,1,4934.38
2023-05-03,Z5_Entertainment,2,5,0,21.9,60.06,0,3828.78
2023-05-04,Z1_Downtown,3,5,0,22.16,60.67,1,6562.52
2023-05-04,Z2_Residential,3,5,0,24.79,62.15,0,3524.25
2023-05-04,Z3_Industrial,3,5,0,26.67,72.31,1,9692.86
2023-05-04,Z4_Suburban,3,5,0,26.54,63.39,0,4308.35
2023-05-04,Z5_Entertainment,3,5,0,25.97,55.15,0,4049.17
2023-05-05,Z1_Downtown,4,5,0,27.28,56.01,0,5741.13
2023-05-05,Z2_Residential,4,5,0,21.64,52.47,0,3066.74
2023-05-05,Z3_Industrial,4,5,0,23.04,55.16,0,10063.57
2023-05-05,Z4_Suburban,4,5,0,26.45,59.11,0,4224.17
2023-05-05,Z5_Entertainment,4,5,0,25.61,61.95,0,4067.69
2023-05-06,Z1_Downtown,5,5,1,19.88,59.83,0,6018.48
2023-05-06,Z2_Residential,5,5,1,29.5,54.37,0,3672.97
2023-05-06,Z3_Industrial,5,5,1,24.71,58.2,0,7588.14
2023-05-06,Z4_Suburban,5,5,1,28.41,58.76,0,4422.84
2023-05-06,Z5_Entertainment,5,5,1,26.88,54.96,0,4597.25
2023-05-07,Z1_Downtown,6,5,1,24.83,47.55,0,6493.4
2023-05-07,Z2_Residential,6,5,1,26.51,59.76,0,3714.57
2023-05-07,Z3_Industrial,6,5,1,28.18,63.11,0,7498.74
2023-05-07,Z4_Suburban,6,5,1,27.39,56.98,1,5110.44
2023-05-07,Z5_Entertainment,6,5,1,25.67,62.54,1,5074.64
2023-05-08,Z1_Downtown,0,5,0,25.32,65.44,0,5776.01
2023-05-08,Z2_Residential,0,5,0,24.76,67.17,0,3558.37
2023-05-08,Z3_Industrial,0,5,0,24.76,49.26,1,10028.51
2023-05-08,Z4_Suburban,0,5,0,25.12,56.4,0,4124.4
2023-05-08,Z5_Entertainment,0,5,0,28.17,60.97,0,4130.89
2023-05-09,Z1_Downtown,1,5,0,25.02,63.23,0,5765.49
2023-05-09,Z2_Residential,1,5,0,26.99,61.16,0,3535.93
2023-05-09,Z3_Industrial,1,5,0,24.66,61.94,0,9420.57
2023-05-09,Z4_Suburban,1,5,0,24.68,68.11,0,4494.86
2023-05-09,Z5_Entertainment,1,5,0,21.26,57.46,0,3627.25
2023-05-10,Z1_Downtown,2,5,0,26.59,55.85,0,6348.07
2023-05-10,Z2_Residential,2,5,0,29.2,65.2,0,3604.41
2023-05-10,Z3_Industrial,2,5,0,28.94,66.16,0,9324.75
2023-05-10,Z4_Suburban,2,5,0,26.12,59.95,0,4379.01
2023-05-10,Z5_Entertainment,2,5,0,31.3,60.95,0,4199.25
2023-05-11,Z1_Downtown,3,5,0,25.59,59.4,0,5913.1
2023-05-11,Z2_Residential,3,5,0,28.94,64.36,0,3704.3
2023-05-11,Z3_Industrial,3,5,0,25.55,59.19,0,9988.75
2023-05-11,Z4_Suburban,3,5,0,25.98,64.55,0,4483.64
2023-05-11,Z5_Entertainment,3,5,0,23.69,68.29,0,4166.44
2023-05-12,Z1_Downtown,4,5,0,21.9,53.13,0,5987.24
2023-05-12,Z2_Residential,4,5,0,21.14,62.43,0,3504.02
2023-05-12,Z3_Industrial,4,5,0,25.7,58.26,0,9269.31
2023-05-12,Z4_Suburban,4,5,0,23.44,56.26,1,4300.42
2023-05-12,Z5_Entertainment,4,5,0,21.75,61.36,0,3920.69
2023-05-13,Z1_Downtown,5,5,1,21.43,53.59,0,6318.99
2023-05-13,Z2_Residential,5,5,1,24.15,65.27,0,3560.2
2023-05-13,Z3_Industrial,5,5,1,29.92,58.04,0,7360.45
2023-05-13,Z4_Suburban,5,5,1,29.46,64.32,0,4657.16
2023-05-13,Z5_Entertainment,5,5,1,26.3,52.06,0,4227.08
2023-05-14,Z1_Downtown,6,5,1,29.07,62.77,1,7070.66
2023-05-14,Z2_Residential,6,5,1,27.88,53.81,0,3610.84
2023-05-14,Z3_Industrial,6,5,1,23.8,51.95,0,7277.51
2023-05-14,Z4_Suburban,6,5,1,30.32,54.17,0,4895.38
2023-05-14,Z5_Entertainment,6,5,1,23.58,47.25,0,4018.75
2023-05-15,Z1_Downtown,0,5,0,26.31,53.55,1,6501.84
2023-05-15,Z2_Residential,0,5,0,25.91,58.73,0,3332.52
2023-05-15,Z3_Industrial,0,5,0,25.49,49.34,0,9625.55
2023-05-15,Z4_Suburban,0,5,0,25.36,55.13,1,4438.79
2023-05-15,Z5_Entertainment,0,5,0,28.09,63.66,0,4195.79
2023-05-16,Z1_Downtown,1,5,0,25.9,58.06,0,6258.06
2023-05-16,Z2_Residential,1,5,0,22.07,58.5,0,3275.68
2023-05-16,Z3_Industrial,1,5,0,28.99,52.78,0,9696.84
2023-05-16,Z4_Suburban,1,5,0,22.11,55.03,0,3800.14
2023-05-16,Z5_Entertainment,1,5,0,23.3,51.07,0,3904.35
2023-05-17,Z1_Downtown,2,5,0,30.13,60.75,0,6385.86
2023-05-17,Z2_Residential,2,5,0,27.62,51.67,1,3646.32
2023-05-17,Z3_Industrial,2,5,0,28.72,61.91,0,9599.65
2023-05-17,Z4_Suburban,2,5,0,27.64,41.68,0,3992.49
2023-05-17,Z5_Entertainment,2,5,0,26.51,59.52,0,3889.9
2023-05-18,Z1_Downtown,3,5,0,26.42,56.07,0,6184.83
2023-05-18,Z2_Residential,3,5,0,29.37,50.3,0,3589.78
2023-05-18,Z3_Industrial,3,5,0,22.43,56.63,0,9415.51
2023-05-18,Z4_Suburban,3,5,0,24.51,54.89,0,3963.26
2023-05-18,Z5_Entertainment,3,5,0,23.84,49.22,0,3890.89
2023-05-19,Z1_Downtown,4,5,0,26.83,53.47,0,6090.74
2023-05-19,Z2_Residential,4,5,0,33.04,62.45,1,4163.56
2023-05-19,Z3_Industrial,4,5,0,24.82,46.61,0,10002.93
2023-05-19,Z4_Suburban,4,5,0,29.51,53.14,1,4737.27
2023-05-19,Z5_Entertainment,4,5,0,27.88,53.52,0,4082.89
2023-05-20,Z1_Downtown,5,5,1,29.72,49.25,0,6518.36
2023-05-20,Z2_Residential,5,5,1,28.9,59.6,0,3515.2
2023-05-20,Z3_Industrial,5,5,1,25.69,59.69,0,7163.0
2023-05-20,Z4_Suburban,5,5,1,22.47,64.01,0,4610.09
2023-05-20,Z5_Entertainment,5,5,1,29.44,58.13,0,4293.92
2023-05-21,Z1_Downtown,6,5,1,26.08,68.17,1,6921.17
2023-05-21,Z2_Residential,6,5,1,28.31,49.94,0,3503.95
2023-05-21,Z3_Industrial,6,5,1,28.4,60.33,1,7569.63
2023-05-21,Z4_Suburban,6,5,1,27.17,54.72,0,4360.45
2023-05-21,Z5_Entertainment,6,5,1,30.84,54.46,0,4248.6
2023-05-22,Z1_Downtown,0,5,0,30.01,58.13,0,6265.93
2023-05-22,Z2_Residential,0,5,0,28.7,51.54,0,3543.46
2023-05-22,Z3_Industrial,0,5,0,29.45,49.85,0,9682.57
2023-05-22,Z4_Suburban,0,5,0,31.58,45.18,1,4296.97
2023-05-22,Z5_Entertainment,0,5,0,25.68,52.93,0,3934.93
2023-05-23,Z1_Downtown,1,5,0,27.39,51.84,1,6938.41
2023-05-23,Z2_Residential,1,5,0,29.26,58.73,0,3560.8
2023-05-23,Z3_Industrial,1,5,0,29.07,49.36,0,9589.9
2023-05-23,Z4_Suburban,1,5,0,31.98,64.14,0,4933.02
2023-05-23,Z5_Entertainment,1,5,0,25.09,59.42,1,4783.54
2023-05-24,Z1_Downtown,2,5,0,28.72,53.74,0,6285.85
2023-05-24,Z2_Residential,2,5,0,30.48,54.65,0,3650.47
2023-05-24,Z3_Industrial,2,5,0,28.94,57.93,0,9260.68
2023-05-24,Z4_Suburban,2,5,0,26.07,51.17,0,4302.84
2023-05-24,Z5_Entertainment,2,5,0,27.1,61.43,0,4127.11
2023-05-25,Z1_Downtown,3,5,0,25.54,61.91,1,6783.88
2023-05-25,Z2_Residential,3,5,0,26.75,49.59,0,3418.44
2023-05-25,Z3_Industrial,3,5,0,25.64,69.33,0,9164.74
2023-05-25,Z4_Suburban,3,5,0,28.87,61.68,0,4495.9
2023-05-25,Z5_Entertainment,3,5,0,22.99,50.65,1,4557.34
2023-05-26,Z1_Downtown,4,5,0,27.99,42.59,0,5985.64
2023-05-26,Z2_Residential,4,5,0,25.62,55.78,0,3492.4
2023-05-26,Z3_Industrial,4,5,0,29.58,59.5,0,9787.52
2023-05-26,Z4_Suburban,4,5,0,28.98,54.51,0,4221.07
2023-05-26,Z5_Entertainment,4,5,0,25.65,55.91,1,4829.18
2023-05-27,Z1_Downtown,5,5,1,26.14,47.51,0,6284.75
2023-05-27,Z2_Residential,5,5,1,25.64,57.61,0,3420.5
2023-05-27,Z3_Industrial,5,5,1,30.35,50.88,0,7405.17
2023-05-27,Z4_Suburban,5,5,1,30.65,53.67,0,4591.55
2023-05-27,Z5_Entertainment,5,5,1,26.59,63.01,0,3938.07
2023-05-28,Z1_Downtown,6,5,1,28.79,63.06,0,6934.66
2023-05-28,Z2_Residential,6,5,1,25.34,57.9,0,3623.78
2023-05-28,Z3_Industrial,6,5,1,24.71,50.11,0,7584.34
2023-05-28,Z4_Suburban,6,5,1,29.9,54.72,0,4451.21
2023-05-28,Z5_Entertainment,6,5,1,26.03,57.68,1,5313.78
2023-05-29,Z1_Downtown,0,5,0,26.1,39.41,0,6329.46
2023-05-29,Z2_Residential,0,5,0,26.98,49.35,0,3503.62
2023-05-29,Z3_Industrial,0,5,0,28.05,51.64,0,9711.93
2023-05-29,Z4_Suburban,0,5,0,31.99,55.22,0,4555.3
2023-05-29,Z5_Entertainment,0,5,0,25.06,56.88,0,3974.43
2023-05-30,Z1_Downtown,1,5,0,21.78,42.23,0,5951.38
2023-05-30,Z2_Residential,1,5,0,28.36,53.8,0,3273.87
2023-05-30,Z3_Industrial,1,5,0,28.01,54.4,1,9844.03
2023-05-30,Z4_Suburban,1,5,0,24.07,59.93,0,4583.65
2023-05-30,Z5_Entertainment,1,5,0,27.99,58.02,0,4085.13
2023-05-31,Z1_Downtown,2,5,0,26.7,53.25,0,5955.42
2023-05-31,Z2_Residential,2,5,0,27.85,49.6,0,3359.06
2023-05-31,Z3_Industrial,2,5,0,32.02,51.67,0,9183.21
2023-05-31,Z4_Suburban,2,5,0,27.04,53.7,0,4249.05
2023-05-31,Z5_Entertainment,2,5,0,31.62,55.85,0,4142.4
2023-06-01,Z1_Downtown,3,6,0,34.21,50.0,0,6168.88
2023-06-01,Z2_Residential,3,6,0,34.07,56.52,1,4200.13
2023-06-01,Z3_Industrial,3,6,0,29.96,62.26,0,9585.3
2023-06-01,Z4_Suburban,3,6,0,27.08,42.56,0,3968.74
2023-06-01,Z5_Entertainment,3,6,0,30.09,64.22,0,4097.17
2023-06-02,Z1_Downtown,4,6,0,28.61,57.14,0,6108.25
2023-06-02,Z2_Residential,4,6,0,30.96,54.1,0,3449.89
2023-06-02,Z3_Industrial,4,6,0,23.2,46.08,0,9689.01
2023-06-02,Z4_Suburban,4,6,0,26.41,51.35,0,4065.23
2023-06-02,Z5_Entertainment,4,6,0,30.15,45.41,0,4112.73
2023-06-03,Z1_Downtown,5,6,1,28.14,54.84,0,6497.8
2023-06-03,Z2_Residential,5,6,1,31.12,54.42,0,3714.24
2023-06-03,Z3_Industrial,5,6,1,26.3,51.62,0,7315.61
2023-06-03,Z4_Suburban,5,6,1,26.16,49.52,0,4254.23
2023-06-03,Z5_Entertainment,5,6,1,29.6,54.6,0,4527.08
2023-06-04,Z1_Downtown,6,6,1,30.95,47.1,0,6461.74
2023-06-04,Z2_Residential,6,6,1,27.33,46.08,0,3452.01
2023-06-04,Z3_Industrial,6,6,1,26.78,50.19,0,7408.44
2023-06-04,Z4_Suburban,6,6,1,34.64,52.62,0,4583.72
2023-06-04,Z5_Entertainment,6,6,1,29.1,53.94,0,4159.79
2023-06-05,Z1_Downtown,0,6,0,30.67,52.59,0,6489.59
2023-06-05,Z2_Residential,0,6,0,31.69,47.27,1,3637.04
2023-06-05,Z3_Industrial,0,6,0,25.37,56.79,0,9179.63
2023-06-05,Z4_Suburban,0,6,0,29.09,48.94,0,4299.53
2023-06-05,Z5_Entertainment,0,6,0,25.62,47.03,1,5038.68
2023-06-06,Z1_Downtown,1,6,0,31.68,48.02,1,6737.63
2023-06-06,Z2_Residential,1,6,0,33.15,45.67,0,3398.42
2023-06-06,Z3_Industrial,1,6,0,33.61,54.3,0,9518.65
2023-06-06,Z4_Suburban,1,6,0,30.53,56.6,1,4709.54
2023-06-06,Z5_Entertainment,1,6,0,30.48,52.0,0,3982.71
2023-06-07,Z1_Downtown,2,6,0,29.23,57.21,0,6463.65
2023-06-07,Z2_Residential,2,6,0,29.36,54.88,0,3459.56
2023-06-07,Z3_Industrial,2,6,0,26.58,44.89,0,9653.81
2023-06-07,Z4_Suburban,2,6,0,30.36,53.86,0,4389.71
2023-06-07,Z5_Entertainment,2,6,0,28.53,53.2,0,4134.27
2023-06-08,Z1_Downtown,3,6,0,30.36,47.58,1,6712.17
2023-06-08,Z2_Residential,3,6,0,27.37,45.3,0,3441.21
2023-06-08,Z3_Industrial,3,6,0,30.03,60.79,0,10834.93
2023-06-08,Z4_Suburban,3,6,0,28.12,52.2,0,4273.69
2023-06-08,Z5_Entertainment,3,6,0,30.78,50.35,0,4144.66
2023-06-09,Z1_Downtown,4,6,0,29.41,46.17,0,6171.96
2023-06-09,Z2_Residential,4,6,0,27.22,46.84,0,3284.86
2023-06-09,Z3_Industrial,4,6,0,25.1,47.23,0,9775.86
2023-06-09,Z4_Suburban,4,6,0,30.13,54.1,0,4352.82
2023-06-09,Z5_Entertainment,4,6,0,26.55,47.62,0,3823.68
2023-06-10,Z1_Downtown,5,6,1,31.44,53.96,0,6565.75
2023-06-10,Z2_Residential,5,6,1,30.72,41.71,0,3584.95
2023-06-10,Z3_Industrial,5,6,1,30.35,52.42,0,6969.94
2023-06-10,Z4_Suburban,5,6,1,27.0,53.34,1,4530.89
2023-06-10,Z5_Entertainment,5,6,1,26.33,46.9,0,3988.63
2023-06-11,Z1_Downtown,6,6,1,25.27,46.21,0,5942.84
2023-06-11,Z2_Residential,6,6,1,28.53,55.61,0,3636.93
2023-06-11,Z3_Industrial,6,6,1,31.38,48.23,0,7730.69
2023-06-11,Z4_Suburban,6,6,1,28.06,55.84,0,4420.37
2023-06-11,Z5_Entertainment,6,6,1,30.02,51.92,1,5114.51
2023-06-12,Z1_Downtown,0,6,0,28.96,49.82,0,5973.98
2023-06-12,Z2_Residential,0,6,0,31.4,52.46,0,3666.17
2023-06-12,Z3_Industrial,0,6,0,34.44,55.13,0,9764.5
2023-06-12,Z4_Suburban,0,6,0,24.71,40.9,1,4176.81
2023-06-12,Z5_Entertainment,0,6,0,26.57,49.81,0,3818.01
2023-06-13,Z1_Downtown,1,6,0,30.43,42.67,1,7170.98
2023-06-13,Z2_Residential,1,6,0,26.2,54.28,0,3447.31
2023-06-13,Z3_Industrial,1,6,0,31.63,53.64,1,9447.82
2023-06-13,Z4_Suburban,1,6,0,31.68,45.67,0,4226.25
2023-06-13,Z5_Entertainment,1,6,0,30.1,51.62,0,3889.58
2023-06-14,Z1_Downtown,2,6,0,31.1,50.67,0,6304.48
2023-06-14,Z2_Residential,2,6,0,25.41,54.57,0,3400.82
2023-06-14,Z3_Industrial,2,6,0,27.3,57.96,0,9505.17
2023-06-14,Z4_Suburban,2,6,0,29.19,44.28,0,4361.09
2023-06-14,Z5_Entertainment,2,6,0,27.69,51.72,1,4946.37
2023-06-15,Z1_Downtown,3,6,0,28.16,45.46,0,6065.22
2023-06-15,Z2_Residential,3,6,0,28.5,47.67,0,3222.1
2023-06-15,Z3_Industrial,3,6,0,31.35,39.0,0,9485.3
2023-06-15,Z4_Suburban,3,6,0,33.3,53.4,0,4577.64
2023-06-15,Z5_Entertainment,3,6,0,27.09,54.6,0,4222.26
2023-06-16,Z1_Downtown,4,6,0,27.95,44.23,0,6185.79
2023-06-16,Z2_Residential,4,6,0,27.73,52.14,1,3876.86
2023-06-16,Z3_Industrial,4,6,0,30.07,49.07,0,9705.81
2023-06-16,Z4_Suburban,4,6,0,30.34,59.68,0,4562.75
2023-06-16,Z5_Entertainment,4,6,0,36.68,51.95,0,4343.25
2023-06-17,Z1_Downtown,5,6,1,26.46,46.97,0,6426.52
2023-06-17,Z2_Residential,5,6,1,28.54,49.88,0,3705.34
2023-06-17,Z3_Industrial,5,6,1,28.57,45.84,0,7582.65
2023-06-17,Z4_Suburban,5,6,1,24.96,47.62,0,4379.03
2023-06-17,Z5_Entertainment,5,6,1,31.25,50.61,0,4328.12
2023-06-18,Z1_Downtown,6,6,1,27.3,47.71,0,6312.32
2023-06-18,Z2_Residential,6,6,1,24.28,47.03,0,3396.55
2023-06-18,Z3_Industrial,6,6,1,28.37,51.45,0,6908.47
2023-06-18,Z4_Suburban,6,6,1,28.12,52.83,0,4552.24
2023-06-18,Z5_Entertainment,6,6,1,25.32,47.85,0,4213.33
2023-06-19,Z1_Downtown,0,6,0,30.35,44.25,0,6327.07
2023-06-19,Z2_Residential,0,6,0,31.06,44.81,0,3063.46
2023-06-19,Z3_Industrial,0,6,0,27.44,46.22,0,9663.23
2023-06-19,Z4_Suburban,0,6,0,28.86,37.54,0,3814.94
2023-06-19,Z5_Entertainment,0,6,0,30.21,42.43,0,4012.19
2023-06-20,Z1_Downtown,1,6,0,29.76,49.29,0,5887.01
2023-06-20,Z2_Residential,1,6,0,25.31,45.75,1,3570.33
2023-06-20,Z3_Industrial,1,6,0,30.56,47.27,0,9544.58
2023-06-20,Z4_Suburban,1,6,0,29.56,50.29,0,4104.67
2023-06-20,Z5_Entertainment,1,6,0,28.82,50.8,0,3992.22
2023-06-21,Z1_Downtown,2,6,0,25.13,45.95,0,5607.65
2023-06-21,Z2_Residential,2,6,0,27.01,43.26,0,3346.4
2023-06-21,Z3_Industrial,2,6,0,26.74,47.2,0,9404.83
2023-06-21,Z4_Suburban,2,6,0,30.0,52.62,0,4439.66
2023-06-21,Z5_Entertainment,2,6,0,25.21,42.26,0,4216.2
2023-06-22,Z1_Downtown,3,6,0,30.23,48.13,0,5786.09
2023-06-22,Z2_Residential,3,6,0,29.32,46.55,0,3386.45
2023-06-22,Z3_Industrial,3,6,0,29.28,53.06,0,10115.19
2023-06-22,Z4_Suburban,3,6,0,29.01,47.76,0,3994.55
2023-06-22,Z5_Entertainment,3,6,0,36.03,50.21,0,4293.57
2023-06-23,Z1_Downtown,4,6,0,33.68,52.14,0,6768.18
2023-06-23,Z2_Residential,4,6,0,28.13,48.71,0,3435.85
2023-06-23,Z3_Industrial,4,6,0,27.36,48.68,0,10337.87
2023-06-23,Z4_Suburban,4,6,0,33.94,48.41,0,4228.6
2023-06-23,Z5_Entertainment,4,6,0,31.75,46.53,0,4260.3
2023-06-24,Z1_Downtown,5,6,1,27.63,47.83,0,6499.14
2023-06-24,Z2_Residential,5,6,1,33.82,51.62,0,3665.88
2023-06-24,Z3_Industrial,5,6,1,29.56,43.3,0,7587.58
2023-06-24,Z4_Suburban,5,6,1,29.23,40.96,0,4011.32
2023-06-24,Z5_Entertainment,5,6,1,30.2,58.34,1,4939.9
2023-06-25,Z1_Downtown,6,6,1,32.51,52.55,0,6522.8
2023-06-25,Z2_Residential,6,6,1,31.69,50.62,0,3776.34
2023-06-25,Z3_Industrial,6,6,1,23.61,46.75,0,7313.54
2023-06-25,Z4_Suburban,6,6,1,27.71,52.31,0,4619.1
2023-06-25,Z5_Entertainment,6,6,1,31.14,53.27,0,4370.56
2023-06-26,Z1_Downtown,0,6,0,29.16,46.53,0,5972.58
2023-06-26,Z2_Residential,0,6,0,28.23,48.92,0,3368.51
2023-06-26,Z3_Industrial,0,6,0,31.44,53.11,0,9906.92
2023-06-26,Z4_Suburban,0,6,0,28.32,54.33,0,4060.69
2023-06-26,Z5_Entertainment,0,6,0,29.34,55.96,0,4176.33
2023-06-27,Z1_Downtown,1,6,0,30.27,42.39,0,5887.88
2023-06-27,Z2_Residential,1,6,0,27.34,52.95,0,3379.18
2023-06-27,Z3_Industrial,1,6,0,29.8,46.05,0,9612.27
2023-06-27,Z4_Suburban,1,6,0,28.94,50.85,0,4215.39
2023-06-27,Z5_Entertainment,1,6,0,28.12,39.64,0,4245.34
2023-06-28,Z1_Downtown,2,6,0,29.84,40.81,0,6153.12
2023-06-28,Z2_Residential,2,6,0,32.78,46.49,0,3526.31
2023-06-28,Z3_Industrial,2,6,0,30.05,40.75,0,9495.77
2023-06-28,Z4_Suburban,2,6,0,31.03,43.35,0,4183.95
2023-06-28,Z5_Entertainment,2,6,0,28.49,49.45,0,3955.8
2023-06-29,Z1_Downtown,3,6,0,32.86,52.53,0,6540.62
2023-06-29,Z2_Residential,3,6,0,26.98,41.36,0,3027.78
2023-06-29,Z3_Industrial,3,6,0,31.16,46.02,0,9811.15
2023-06-29,Z4_Suburban,3,6,0,30.29,43.16,1,4472.75
2023-06-29,Z5_Entertainment,3,6,0,25.7,46.44,0,4247.76
2023-06-30,Z1_Downtown,4,6,0,30.6,41.2,0,6413.85
2023-06-30,Z2_Residential,4,6,0,30.62,51.08,0,3462.18
2023-06-30,Z3_Industrial,4,6,0,27.28,37.66,0,9642.92
2023-06-30,Z4_Suburban,4,6,0,30.2,40.46,0,4390.23
2023-06-30,Z5_Entertainment,4,6,0,29.0,46.84,0,4371.25
2023-07-01,Z1_Downtown,5,7,1,26.2,48.04,0,6146.47
2023-07-01,Z2_Residential,5,7,1,28.64,53.76,0,3701.56
2023-07-01,Z3_Industrial,5,7,1,27.82,59.48,0,7221.53
2023-07-01,Z4_Suburban,5,7,1,24.32,54.0,0,4746.63
2023-07-01,Z5_Entertainment,5,7,1,25.29,54.31,0,4343.05
2023-07-02,Z1_Downtown,6,7,1,24.6,54.23,0,6241.62
2023-07-02,Z2_Residential,6,7,1,30.33,43.07,1,3907.29
2023-07-02,Z3_Industrial,6,7,1,24.08,51.2,0,7123.75
2023-07-02,Z4_Suburban,6,7,1,29.59,45.57,0,4226.88
2023-07-02,Z5_Entertainment,6,7,1,26.51,52.15,0,4546.34
2023-07-03,Z1_Downtown,0,7,0,28.78,42.14,0,6288.55
2023-07-03,Z2_Residential,0,7,0,30.48,52.72,0,3470.82
2023-07-03,Z3_Industrial,0,7,0,28.24,40.32,0,10102.3
2023-07-03,Z4_Suburban,0,7,0,29.26,40.04,0,4295.16
2023-07-03,Z5_Entertainment,0,7,0,28.44,43.53,0,3795.97
2023-07-04,Z1_Downtown,1,7,0,32.17,44.68,0,6326.99
2023-07-04,Z2_Residential,1,7,0,32.18,47.93,0,3572.75
2023-07-04,Z3_Industrial,1,7,0,30.17,48.39,0,10375.55
2023-07-04,Z4_Suburban,1,7,0,26.34,46.67,0,4134.64
2023-07-04,Z5_Entertainment,1,7,0,27.54,48.22,0,3785.05
2023-07-05,Z1_Downtown,2,7,0,28.58,41.03,0,6155.88
2023-07-05,Z2_Residential,2,7,0,29.77,49.17,0,3175.76
2023-07-05,Z3_Industrial,2,7,0,25.15,56.4,0,9828.55
2023-07-05,Z4_Suburban,2,7,0,26.83,46.93,0,4177.72
2023-07-05,Z5_Entertainment,2,7,0,28.89,44.29,0,4081.1
2023-07-06,Z1_Downtown,3,7,0,25.46,48.56,0,6357.27
2023-07-06,Z2_Residential,3,7,0,30.28,45.99,0,3231.21
2023-07-06,Z3_Industrial,3,7,0,31.7,42.47,0,9589.91
2023-07-06,Z4_Suburban,3,7,0,25.83,40.29,0,3794.81
2023-07-06,Z5_Entertainment,3,7,0,26.64,42.52,0,3949.09
2023-07-07,Z1_Downtown,4,7,0,27.98,49.3,0,6098.74
2023-07-07,Z2_Residential,4,7,0,29.6,49.66,0,3434.13
2023-07-07,Z3_Industrial,4,7,0,26.47,42.01,0,9742.12
2023-07-07,Z4_Suburban,4,7,0,29.56,47.72,0,4282.15
2023-07-07,Z5_Entertainment,4,7,0,30.76,50.87,1,5225.92
2023-07-08,Z1_Downtown,5,7,1,28.92,49.37,0,6463.81
2023-07-08,Z2_Residential,5,7,1,26.51,49.72,0,3484.0
2023-07-08,Z3_Industrial,5,7,1,28.53,43.98,1,7947.57
2023-07-08,Z4_Suburban,5,7,1,26.67,43.84,0,4101.6
2023-07-08,Z5_Entertainment,5,7,1,24.08,49.37,0,4111.26
2023-07-09,Z1_Downtown,6,7,1,24.11,50.61,0,6501.3
2023-07-09,Z2_Residential,6,7,1,27.57,42.95,0,3579.58
2023-07-09,Z3_Industrial,6,7,1,27.71,43.63,0,7306.11
2023-07-09,Z4_Suburban,6,7,1,25.1,48.1,0,4190.33
2023-07-09,Z5_Entertainment,6,7,1,30.18,47.63,0,4271.5
2023-07-10,Z1_Downtown,0,7,0,31.12,50.64,0,6530.84
2023-07-10,Z2_Residential,0,7,0,30.07,43.82,0,3421.87
2023-07-10,Z3_Industrial,0,7,0,29.56,51.47,0,9303.42
2023-07-10,Z4_Suburban,0,7,0,29.35,45.66,0,4187.1
2023-07-10,Z5_Entertainment,0,7,0,23.57,41.29,1,5102.48
2023-07-11,Z1_Downtown,1,7,0,25.08,44.28,1,7005.94
2023-07-11,Z2_Residential,1,7,0,26.88,43.54,0,3221.03
2023-07-11,Z3_Industrial,1,7,0,29.92,38.54,0,9850.07
2023-07-11,Z4_Suburban,1,7,0,23.97,40.65,0,3892.65
2023-07-11,Z5_Entertainment,1,7,0,27.32,42.18,0,4044.25
2023-07-12,Z1_Downtown,2,7,0,30.49,32.71,0,6180.54
2023-07-12,Z2_Residential,2,7,0,27.78,47.85,0,3308.72
2023-07-12,Z3_Industrial,2,7,0,26.71,44.61,0,9423.46
2023-07-12,Z4_Suburban,2,7,0,26.2,45.52,0,4300.32
2023-07-12,Z5_Entertainment,2,7,0,27.28,50.63,0,4028.8
2023-07-13,Z1_Downtown,3,7,0,27.41,44.11,0,6294.65
2023-07-13,Z2_Residential,3,7,0,28.52,46.93,0,3234.86
2023-07-13,Z3_Industrial,3,7,0,33.3,44.87,0,10227.89
2023-07-13,Z4_Suburban,3,7,0,28.64,48.65,0,4109.46
2023-07-13,Z5_Entertainment,3,7,0,27.52,38.84,0,4030.71
2023-07-14,Z1_Downtown,4,7,0,32.47,46.11,0,6318.29
2023-07-14,Z2_Residential,4,7,0,34.69,50.01,1,4056.6
2023-07-14,Z3_Industrial,4,7,0,25.99,38.91,0,9591.37
2023-07-14,Z4_Suburban,4,7,0,23.17,39.93,0,3800.94
2023-07-14,Z5_Entertainment,4,7,0,28.83,39.6,0,3830.01
2023-07-15,Z1_Downtown,5,7,1,31.86,37.02,0,6536.5
2023-07-15,Z2_Residential,5,7,1,31.91,47.18,0,3665.63
2023-07-15,Z3_Industrial,5,7,1,25.18,43.15,0,6953.46
2023-07-15,Z4_Suburban,5,7,1,28.75,39.99,0,3995.05
2023-07-15,Z5_Entertainment,5,7,1,28.49,43.16,0,4276.08
2023-07-16,Z1_Downtown,6,7,1,30.74,41.75,0,6199.55
2023-07-16,Z2_Residential,6,7,1,26.61,44.22,0,3313.45
2023-07-16,Z3_Industrial,6,7,1,24.11,33.83,1,7613.73
2023-07-16,Z4_Suburban,6,7,1,23.65,38.69,0,3953.31
2023-07-16,Z5_Entertainment,6,7,1,28.45,48.74,0,4015.22
2023-07-17,Z1_Downtown,0,7,0,26.96,37.37,0,5652.36
2023-07-17,Z2_Residential,0,7,0,24.92,40.26,0,3343.94
2023-07-17,Z3_Industrial,0,7,0,33.6,43.09,0,8833.19
2023-07-17,Z4_Suburban,0,7,0,26.93,43.88,0,4069.49
2023-07-17,Z5_Entertainment,0,7,0,28.53,47.08,1,4774.14
2023-07-18,Z1_Downtown,1,7,0,29.1,45.47,0,6366.41
2023-07-18,Z2_Residential,1,7,0,23.88,38.23,0,2979.94
2023-07-18,Z3_Industrial,1,7,0,29.32,47.16,0,9781.96
2023-07-18,Z4_Suburban,1,7,0,27.95,51.4,0,4205.26
2023-07-18,Z5_Entertainment,1,7,0,31.13,45.98,0,3961.87
2023-07-19,Z1_Downtown,2,7,0,29.08,51.53,0,6534.18
2023-07-19,Z2_Residential,2,7,0,22.4,45.07,0,3059.62
2023-07-19,Z3_Industrial,2,7,0,33.28,45.01,0,9694.11
2023-07-19,Z4_Suburban,2,7,0,22.31,41.55,0,3772.52
2023-07-19,Z5_Entertainment,2,7,0,25.25,51.89,0,4085.08
2023-07-20,Z1_Downtown,3,7,0,26.07,44.1,0,5804.95
2023-07-20,Z2_Residential,3,7,0,24.59,42.2,0,2984.06
2023-07-20,Z3_Industrial,3,7,0,27.75,46.47,0,9351.72
2023-07-20,Z4_Suburban,3,7,0,27.94,46.86,0,4234.09
2023-07-20,Z5_Entertainment,3,7,0,29.14,46.93,0,4001.71
2023-07-21,Z1_Downtown,4,7,0,23.66,41.21,0,5643.86
2023-07-21,Z2_Residential,4,7,0,28.18,51.23,0,3436.52
2023-07-21,Z3_Industrial,4,7,0,24.5,43.72,0,9777.36
2023-07-21,Z4_Suburban,4,7,0,25.39,50.3,0,4003.59
2023-07-21,Z5_Entertainment,4,7,0,23.95,46.51,0,3994.2
2023-07-22,Z1_Downtown,5,7,1,32.56,52.35,0,6520.1
2023-07-22,Z2_Residential,5,7,1,28.13,41.01,0,3522.45
2023-07-22,Z3_Industrial,5,7,1,27.6,48.63,0,7406.17
2023-07-22,Z4_Suburban,5,7,1,26.68,52.74,0,4333.69
2023-07-22,Z5_Entertainment,5,7,1,26.97,46.18,0,3998.73
2023-07-23,Z1_Downtown,6,7,1,22.98,40.72,0,5920.4
2023-07-23,Z2_Residential,6,7,1,28.42,44.32,0,3367.68
2023-07-23,Z3_Industrial,6,7,1,25.68,48.1,0,7128.11
2023-07-23,Z4_Suburban,6,7,1,27.24,56.15,0,4348.04
2023-07-23,Z5_Entertainment,6,7,1,26.4,45.62,1,5091.2
2023-07-24,Z1_Downtown,0,7,0,23.09,40.31,0,5833.4
2023-07-24,Z2_Residential,0,7,0,25.29,44.24,0,3343.35
2023-07-24,Z3_Industrial,0,7,0,26.45,47.12,0,9805.58
2023-07-24,Z4_Suburban,0,7,0,27.64,49.45,0,4247.78
2023-07-24,Z5_Entertainment,0,7,0,26.46,46.35,1,4799.16
2023-07-25,Z1_Downtown,1,7,0,25.0,46.0,0,5811.72
2023-07-25,Z2_Residential,1,7,0,26.38,44.62,0,3238.84
2023-07-25,Z3_Industrial,1,7,0,26.18,44.29,0,9113.51
2023-07-25,Z4_Suburban,1,7,0,24.51,32.03,0,3694.39
2023-07-25,Z5_Entertainment,1,7,0,25.29,50.63,0,4011.19
2023-07-26,Z1_Downtown,2,7,0,25.51,50.2,0,5869.47
2023-07-26,Z2_Residential,2,7,0,22.14,42.86,0,3409.95
2023-07-26,Z3_Industrial,2,7,0,26.59,41.24,0,9782.25
2023-07-26,Z4_Suburban,2,7,0,22.02,47.82,0,4052.79
2023-07-26,Z5_Entertainment,2,7,0,25.88,47.89,0,3875.72
2023-07-27,Z1_Downtown,3,7,0,30.92,43.29,0,5686.43
2023-07-27,Z2_Residential,3,7,0,29.48,52.39,0,3524.65
2023-07-27,Z3_Industrial,3,7,0,27.69,41.83,0,9283.52
2023-07-27,Z4_Suburban,3,7,0,24.77,50.68,0,3985.61
2023-07-27,Z5_Entertainment,3,7,0,24.46,41.82,1,4682.22
2023-07-28,Z1_Downtown,4,7,0,27.04,48.76,1,6951.15
2023-07-28,Z2_Residential,4,7,0,25.39,43.96,0,3359.27
2023-07-28,Z3_Industrial,4,7,0,24.23,46.78,0,9153.72
2023-07-28,Z4_Suburban,4,7,0,24.62,51.94,0,3955.04
2023-07-28,Z5_Entertainment,4,7,0,26.91,44.3,0,3966.75
2023-07-29,Z1_Downtown,5,7,1,26.71,43.11,0,5829.8
2023-07-29,Z2_Residential,5,7,1,26.23,54.99,0,3365.02
2023-07-29,Z3_Industrial,5,7,1,25.01,52.29,0,7097.43
2023-07-29,Z4_Suburban,5,7,1,24.29,42.22,0,4356.49
2023-07-29,Z5_Entertainment,5,7,1,28.63,47.29,0,4041.92
2023-07-30,Z1_Downtown,6,7,1,27.18,38.28,0,6309.95
2023-07-30,Z2_Residential,6,7,1,23.0,39.88,0,3373.2
2023-07-30,Z3_Industrial,6,7,1,28.5,48.04,0,7153.57
2023-07-30,Z4_Suburban,6,7,1,23.17,42.45,1,4518.6
2023-07-30,Z5_Entertainment,6,7,1,20.6,41.08,0,4069.71
2023-07-31,Z1_Downtown,0,7,0,22.15,56.78,0,6050.24
2023-07-31,Z2_Residential,0,7,0,26.69,43.16,0,3530.32
2023-07-31,Z3_Industrial,0,7,0,28.2,49.11,1,9439.11
2023-07-31,Z4_Suburban,0,7,0,28.89,40.78,0,3757.47
2023-07-31,Z5_Entertainment,0,7,0,20.59,46.59,0,3574.5
2023-08-01,Z1_Downtown,1,8,0,26.89,55.6,0,6105.11
2023-08-01,Z2_Residential,1,8,0,25.56,49.44,0,3256.08
2023-08-01,Z3_Industrial,1,8,0,25.62,46.5,0,9523.28
2023-08-01,Z4_Suburban,1,8,0,25.24,51.9,0,4213.42
2023-08-01,Z5_Entertainment,1,8,0,29.84,43.07,0,4136.68
2023-08-02,Z1_Downtown,2,8,0,33.55,39.04,0,6429.46
2023-08-02,Z2_Residential,2,8,0,26.37,54.76,0,3504.0
2023-08-02,Z3_Industrial,2,8,0,28.28,48.53,1,10354.78
2023-08-02,Z4_Suburban,2,8,0,28.45,48.0,1,4532.39
2023-08-02,Z5_Entertainment,2,8,0,25.18,48.21,1,4752.28
2023-08-03,Z1_Downtown,3,8,0,22.59,41.25,0,5850.43
2023-08-03,Z2_Residential,3,8,0,25.75,47.52,0,3470.38
2023-08-03,Z3_Industrial,3,8,0,24.54,42.85,0,8848.83
2023-08-03,Z4_Suburban,3,8,0,23.24,49.92,0,4232.77
2023-08-03,Z5_Entertainment,3,8,0,28.99,43.17,0,4210.24
2023-08-04,Z1_Downtown,4,8,0,23.88,49.37,0,5868.75
2023-08-04,Z2_Residential,4,8,0,23.05,46.74,0,3168.79
2023-08-04,Z3_Industrial,4,8,0,21.87,39.61,0,10197.65
2023-08-04,Z4_Suburban,4,8,0,26.03,43.09,1,4307.19
2023-08-04,Z5_Entertainment,4,8,0,24.1,40.23,0,3527.09
2023-08-05,Z1_Downtown,5,8,1,26.87,42.73,0,6653.7
2023-08-05,Z2_Residential,5,8,1,23.09,41.64,0,3385.49
2023-08-05,Z3_Industrial,5,8,1,23.77,37.18,0,7653.78
2023-08-05,Z4_Suburban,5,8,1,25.07,47.3,0,4139.88
2023-08-05,Z5_Entertainment,5,8,1,29.07,44.1,0,4412.96
2023-08-06,Z1_Downtown,6,8,1,22.9,42.09,0,6077.31
2023-08-06,Z2_Residential,6,8,1,25.35,55.53,1,3662.56
2023-08-06,Z3_Industrial,6,8,1,25.52,45.26,0,7432.05
2023-08-06,Z4_Suburban,6,8,1,25.32,44.92,0,4312.19
2023-08-06,Z5_Entertainment,6,8,1,23.35,40.33,0,3996.98
2023-08-07,Z1_Downtown,0,8,0,24.78,37.62,0,5709.57
2023-08-07,Z2_Residential,0,8,0,23.42,50.32,0,3319.33
2023-08-07,Z3_Industrial,0,8,0,20.1,54.28,0,10095.23
2023-08-07,Z4_Suburban,0,8,0,27.08,47.98,0,4135.63
2023-08-07,Z5_Entertainment,0,8,0,23.35,45.24,0,3615.24
2023-08-08,Z1_Downtown,1,8,0,27.16,44.72,0,5959.84
2023-08-08,Z2_Residential,1,8,0,25.25,40.66,0,3237.46
2023-08-08,Z3_Industrial,1,8,0,25.65,44.13,0,9600.94
2023-08-08,Z4_Suburban,1,8,0,20.69,39.99,0,3945.49
2023-08-08,Z5_Entertainment,1,8,0,23.45,42.89,0,3978.34
2023-08-09,Z1_Downtown,2,8,0,25.02,43.31,0,5475.13
2023-08-09,Z2_Residential,2,8,0,26.59,47.4,0,3289.08
2023-08-09,Z3_Industrial,2,8,0,26.01,37.39,0,9120.55
2023-08-09,Z4_Suburban,2,8,0,28.6,49.54,0,3928.46
2023-08-09,Z5_Entertainment,2,8,0,23.84,42.8,0,4234.2
2023-08-10,Z1_Downtown,3,8,0,24.77,47.57,0,6172.82
2023-08-10,Z2_Residential,3,8,0,23.04,43.78,0,2948.02
2023-08-10,Z3_Industrial,3,8,0,27.98,46.11,0,9199.4
2023-08-10,Z4_Suburban,3,8,0,21.68,39.39,0,3831.87
2023-08-10,Z5_Entertainment,3,8,0,22.83,40.13,0,3889.64
2023-08-11,Z1_Downtown,4,8,0,22.64,41.82,0,5844.17
2023-08-11,Z2_Residential,4,8,0,26.98,42.58,0,3253.17
2023-08-11,Z3_Industrial,4,8,0,19.56,52.39,0,9784.18
2023-08-11,Z4_Suburban,4,8,0,21.92,44.42,0,4120.33
2023-08-11,Z5_Entertainment,4,8,0,24.58,47.08,0,4147.41
2023-08-12,Z1_Downtown,5,8,1,25.53,38.18,0,5931.3
2023-08-12,Z2_Residential,5,8,1,25.43,46.15,0,3432.58
2023-08-12,Z3_Industrial,5,8,1,19.88,45.03,1,7563.16
2023-08-12,Z4_Suburban,5,8,1,24.56,54.83,1,4651.6
2023-08-12,Z5_Entertainment,5,8,1,25.66,38.3,0,4196.68
2023-08-13,Z1_Downtown,6,8,1,18.03,45.16,0,5906.0
2023-08-13,Z2_Residential,6,8,1,20.73,47.47,1,3910.7
2023-08-13,Z3_Industrial,6,8,1,23.44,41.5,0,6911.47
2023-08-13,Z4_Suburban,6,8,1,24.44,48.3,0,4148.28
2023-08-13,Z5_Entertainment,6,8,1,22.75,42.47,1,5066.94
2023-08-14,Z1_Downtown,0,8,0,23.1,50.83,0,6184.77
2023-08-14,Z2_Residential,0,8,0,24.58,45.34,0,3531.99
2023-08-14,Z3_Industrial,0,8,0,21.19,46.89,0,10187.01
2023-08-14,Z4_Suburban,0,8,0,25.45,42.01,0,4004.62
2023-08-14,Z5_Entertainment,0,8,0,21.94,49.19,0,3958.37
2023-08-15,Z1_Downtown,1,8,0,22.93,47.62,0,5936.43
2023-08-15,Z2_Residential,1,8,0,21.43,53.93,0,3284.85
2023-08-15,Z3_Industrial,1,8,0,22.23,54.26,0,9266.87
2023-08-15,Z4_Suburban,1,8,0,20.61,47.08,0,3854.21
2023-08-15,Z5_Entertainment,1,8,0,17.65,46.67,0,3601.2
2023-08-16,Z1_Downtown,2,8,0,25.55,38.99,1,6408.97
2023-08-16,Z2_Residential,2,8,0,26.84,49.28,0,3219.1
2023-08-16,Z3_Industrial,2,8,0,24.35,44.22,0,10031.33
2023-08-16,Z4_Suburban,2,8,0,20.96,45.99,0,4054.53
2023-08-16,Z5_Entertainment,2,8,0,22.44,44.09,1,4644.36
2023-08-17,Z1_Downtown,3,8,0,23.43,44.91,0,6164.72
2023-08-17,Z2_Residential,3,8,0,19.67,44.42,0,2972.86
2023-08-17,Z3_Industrial,3,8,0,26.21,50.14,0,10275.42
2023-08-17,Z4_Suburban,3,8,0,18.89,45.56,0,3712.29
2023-08-17,Z5_Entertainment,3,8,0,23.39,40.07,0,4073.07
2023-08-18,Z1_Downtown,4,8,0,23.11,36.41,0,5972.3
2023-08-18,Z2_Residential,4,8,0,22.48,32.21,0,3018.45
2023-08-18,Z3_Industrial,4,8,0,20.38,50.65,0,9246.08
2023-08-18,Z4_Suburban,4,8,0,23.33,54.58,1,4544.6
2023-08-18,Z5_Entertainment,4,8,0,23.59,49.63,0,4060.38
2023-08-19,Z1_Downtown,5,8,1,20.39,47.35,0,6122.59
2023-08-19,Z2_Residential,5,8,1,22.52,30.39,0,3262.47
2023-08-19,Z3_Industrial,5,8,1,23.34,45.24,0,7390.61
2023-08-19,Z4_Suburban,5,8,1,23.32,50.98,0,4123.28
2023-08-19,Z5_Entertainment,5,8,1,16.13,43.37,0,3961.76
2023-08-20,Z1_Downtown,6,8,1,24.02,46.58,0,6095.07
2023-08-20,Z2_Residential,6,8,1,23.19,48.37,0,3197.54
2023-08-20,Z3_Industrial,6,8,1,20.87,50.08,1,7503.4
2023-08-20,Z4_Suburban,6,8,1,21.29,49.62,0,4136.37
2023-08-20,Z5_Entertainment,6,8,1,22.84,51.74,0,4271.41
2023-08-21,Z1_Downtown,0,8,0,21.92,45.65,0,5834.71
2023-08-21,Z2_Residential,0,8,0,22.28,40.63,1,3350.13
2023-08-21,Z3_Industrial,0,8,0,20.73,46.41,0,9339.53
2023-08-21,Z4_Suburban,0,8,0,20.14,43.17,0,3389.41
2023-08-21,Z5_Entertainment,0,8,0,19.3,59.58,0,3751.39
2023-08-22,Z1_Downtown,1,8,0,21.49,46.35,0,6274.7
2023-08-22,Z2_Residential,1,8,0,22.57,43.32,1,3447.45
2023-08-22,Z3_Industrial,1,8,0,19.01,37.22,0,9106.19
2023-08-22,Z4_Suburban,1,8,0,18.65,47.58,0,3377.21
2023-08-22,Z5_Entertainment,1,8,0,18.99,43.66,0,4075.06
2023-08-23,Z1_Downtown,2,8,0,19.85,50.52,0,5797.51
2023-08-23,Z2_Residential,2,8,0,19.29,45.82,0,3090.4
2023-08-23,Z3_Industrial,2,8,0,20.79,41.39,0,9648.24
2023-08-23,Z4_Suburban,2,8,0,20.26,46.84,1,4127.37
2023-08-23,Z5_Entertainment,2,8,0,21.56,43.01,0,3633.06
2023-08-24,Z1_Downtown,3,8,0,20.27,49.05,0,6399.35
2023-08-24,Z2_Residential,3,8,0,23.38,52.73,0,3511.4
2023-08-24,Z3_Industrial,3,8,0,19.2,33.41,0,9650.34
2023-08-24,Z4_Suburban,3,8,0,21.55,47.59,0,4027.89
2023-08-24,Z5_Entertainment,3,8,0,23.16,41.51,0,4162.66
2023-08-25,Z1_Downtown,4,8,0,21.2,43.2,0,5659.09
2023-08-25,Z2_Residential,4,8,0,19.18,39.9,0,2969.15
2023-08-25,Z3_Industrial,4,8,0,19.47,51.85,0,9598.39
2023-08-25,Z4_Suburban,4,8,0,19.09,45.71,0,3987.53
2023-08-25,Z5_Entertainment,4,8,0,20.72,51.71,0,4036.54
2023-08-26,Z1_Downtown,5,8,1,19.51,37.36,0,6054.93
2023-08-26,Z2_Residential,5,8,1,22.17,48.53,0,3284.21
2023-08-26,Z3_Industrial,5,8,1,22.11,48.55,0,7611.67
2023-08-26,Z4_Suburban,5,8,1,18.52,43.5,0,4158.62
2023-08-26,Z5_Entertainment,5,8,1,19.84,47.86,1,4547.7
2023-08-27,Z1_Downtown,6,8,1,18.24,46.28,0,5958.55
2023-08-27,Z2_Residential,6,8,1,23.33,44.93,0,3420.71
2023-08-27,Z3_Industrial,6,8,1,19.69,45.75,0,7900.92
2023-08-27,Z4_Suburban,6,8,1,14.91,44.59,0,3894.55
2023-08-27,Z5_Entertainment,6,8,1,22.76,50.6,0,4105.97
2023-08-28,Z1_Downtown,0,8,0,20.01,46.13,0,5735.75
2023-08-28,Z2_Residential,0,8,0,20.92,50.42,0,3038.07
2023-08-28,Z3_Industrial,0,8,0,15.92,50.98,0,9664.95
2023-08-28,Z4_Suburban,0,8,0,16.71,55.57,0,4047.92
2023-08-28,Z5_Entertainment,0,8,0,22.42,41.71,0,3925.0
2023-08-29,Z1_Downtown,1,8,0,27.21,48.27,0,6400.26
2023-08-29,Z2_Residential,1,8,0,20.98,41.82,0,2879.64
2023-08-29,Z3_Industrial,1,8,0,24.07,47.77,0,10252.97
2023-08-29,Z4_Suburban,1,8,0,19.21,50.04,0,4068.28
2023-08-29,Z5_Entertainment,1,8,0,17.94,40.24,0,3806.12
2023-08-30,Z1_Downtown,2,8,0,18.97,53.03,0,5860.43
2023-08-30,Z2_Residential,2,8,0,20.01,39.11,0,3011.09
2023-08-30,Z3_Industrial,2,8,0,24.79,49.79,0,8389.26
2023-08-30,Z4_Suburban,2,8,0,21.67,46.41,0,3802.76
2023-08-30,Z5_Entertainment,2,8,0,20.71,51.12,0,3843.43
2023-08-31,Z1_Downtown,3,8,0,19.67,49.73,0,6019.21
2023-08-31,Z2_Residential,3,8,0,18.46,40.38,0,2900.85
2023-08-31,Z3_Industrial,3,8,0,18.19,46.69,0,9315.99
2023-08-31,Z4_Suburban,3,8,0,19.57,46.82,0,3515.36
2023-08-31,Z5_Entertainment,3,8,0,24.31,46.28,1,4642.71
2023-09-01,Z1_Downtown,4,9,0,18.21,43.79,0,5543.68
2023-09-01,Z2_Residential,4,9,0,21.28,43.9,0,3073.73
2023-09-01,Z3_Industrial,4,9,0,22.59,37.7,0,8762.03
2023-09-01,Z4_Suburban,4,9,0,16.66,43.09,0,3675.29
2023-09-01,Z5_Entertainment,4,9,0,14.35,42.06,0,3873.27
2023-09-02,Z1_Downtown,5,9,1,19.62,42.27,0,5666.92
2023-09-02,Z2_Residential,5,9,1,19.05,51.63,0,3411.63
2023-09-02,Z3_Industrial,5,9,1,17.31,47.41,1,7339.33
2023-09-02,Z4_Suburban,5,9,1,24.25,38.48,0,4267.48
2023-09-02,Z5_Entertainment,5,9,1,15.49,44.07,0,3985.51
2023-09-03,Z1_Downtown,6,9,1,14.93,50.4,0,6041.16
2023-09-03,Z2_Residential,6,9,1,16.75,47.86,0,3211.73
2023-09-03,Z3_Industrial,6,9,1,24.31,47.9,0,7370.13
2023-09-03,Z4_Suburban,6,9,1,15.54,41.43,0,3892.89
2023-09-03,Z5_Entertainment,6,9,1,21.27,50.32,0,3945.47
2023-09-04,Z1_Downtown,0,9,0,17.34,48.93,0,5646.85
2023-09-04,Z2_Residential,0,9,0,19.79,45.82,0,3287.61
2023-09-04,Z3_Industrial,0,9,0,18.26,53.47,0,8926.77
2023-09-04,Z4_Suburban,0,9,0,15.94,43.4,0,3786.4
2023-09-04,Z5_Entertainment,0,9,0,20.23,53.84,0,3844.25
2023-09-05,Z1_Downtown,1,9,0,13.25,48.07,0,5746.98
2023-09-05,Z2_Residential,1,9,0,23.72,53.92,0,3175.58
2023-09-05,Z3_Industrial,1,9,0,17.18,47.24,0,9651.9
2023-09-05,Z4_Suburban,1,9,0,19.35,42.27,0,3831.46
2023-09-05,Z5_Entertainment,1,9,0,14.14,47.46,0,3989.05
2023-09-06,Z1_Downtown,2,9,0,17.38,52.0,0,5430.94
2023-09-06,Z2_Residential,2,9,0,14.69,53.48,0,3163.06
2023-09-06,Z3_Industrial,2,9,0,21.96,53.15,0,9192.6
2023-09-06,Z4_Suburban,2,9,0,22.55,50.55,0,3934.06
2023-09-06,Z5_Entertainment,2,9,0,18.87,39.51,1,4566.11
2023-09-07,Z1_Downtown,3,9,0,18.92,45.41,0,5548.89
2023-09-07,Z2_Residential,3,9,0,17.59,57.47,0,3214.96
2023-09-07,Z3_Industrial,3,9,0,17.93,52.24,0,9161.39
2023-09-07,Z4_Suburban,3,9,0,17.8,38.91,0,4059.02
2023-09-07,Z5_Entertainment,3,9,0,18.19,37.39,0,3649.72
2023-09-08,Z1_Downtown,4,9,0,16.1,51.31,1,6217.23
2023-09-08,Z2_Residential,4,9,0,16.13,48.8,0,2923.67
2023-09-08,Z3_Industrial,4,9,0,16.92,49.87,0,8932.49
2023-09-08,Z4_Suburban,4,9,0,20.23,34.48,0,3594.6
2023-09-08,Z5_Entertainment,4,9,0,18.12,50.98,0,3746.26
2023-09-09,Z1_Downtown,5,9,1,18.98,49.32,0,6399.69
2023-09-09,Z2_Residential,5,9,1,13.92,50.43,0,3320.48
2023-09-09,Z3_Industrial,5,9,1,16.28,52.47,0,7239.3
2023-09-09,Z4_Suburban,5,9,1,16.11,44.95,0,4205.8
2023-09-09,Z5_Entertainment,5,9,1,16.66,52.24,0,3921.93
2023-09-10,Z1_Downtown,6,9,1,16.63,47.0,0,5995.43
2023-09-10,Z2_Residential,6,9,1,17.87,40.55,0,3220.92
2023-09-10,Z3_Industrial,6,9,1,15.24,50.01,0,6890.3
2023-09-10,Z4_Suburban,6,9,1,13.75,56.87,1,4524.95
2023-09-10,Z5_Entertainment,6,9,1,14.94,45.95,0,4167.55
2023-09-11,Z1_Downtown,0,9,0,15.1,54.14,0,5511.02
2023-09-11,Z2_Residential,0,9,0,15.98,35.55,0,2884.79
2023-09-11,Z3_Industrial,0,9,0,19.1,39.24,0,9766.08
2023-09-11,Z4_Suburban,0,9,0,20.17,48.4,0,3704.27
2023-09-11,Z5_Entertainment,0,9,0,18.82,44.81,0,3665.17
2023-09-12,Z1_Downtown,1,9,0,16.82,44.72,0,5258.22
2023-09-12,Z2_Residential,1,9,0,11.48,55.7,0,3019.21
2023-09-12,Z3_Industrial,1,9,0,14.18,48.82,0,9625.77
2023-09-12,Z4_Suburban,1,9,0,17.17,54.31,0,4002.77
2023-09-12,Z5_Entertainment,1,9,0,16.76,47.47,0,3848.74
2023-09-13,Z1_Downtown,2,9,0,16.65,43.77,1,6043.64
2023-09-13,Z2_Residential,2,9,0,16.02,47.54,0,2779.19
2023-09-13,Z3_Industrial,2,9,0,18.79,45.63,0,9287.04
2023-09-13,Z4_Suburban,2,9,0,16.44,58.58,0,4277.64
2023-09-13,Z5_Entertainment,2,9,0,16.66,51.09,0,3987.71
2023-09-14,Z1_Downtown,3,9,0,14.61,44.27,0,5697.29
2023-09-14,Z2_Residential,3,9,0,15.77,52.74,1,3387.99
2023-09-14,Z3_Industrial,3,9,0,14.49,42.01,0,9561.8
2023-09-14,Z4_Suburban,3,9,0,17.52,42.49,0,3868.32
2023-09-14,Z5_Entertainment,3,9,0,15.69,54.57,1,4625.1
2023-09-15,Z1_Downtown,4,9,0,13.53,44.98,0,5921.68
2023-09-15,Z2_Residential,4,9,0,15.74,49.55,0,3188.56
2023-09-15,Z3_Industrial,4,9,0,15.13,48.07,0,9392.77
2023-09-15,Z4_Suburban,4,9,0,15.5,49.42,0,4179.65
2023-09-15,Z5_Entertainment,4,9,0,17.55,53.39,1,4656.52
2023-09-16,Z1_Downtown,5,9,1,17.48,50.41,0,5847.17
2023-09-16,Z2_Residential,5,9,1,15.64,47.0,1,3705.44
2023-09-16,Z3_Industrial,5,9,1,19.28,50.87,0,7001.88
2023-09-16,Z4_Suburban,5,9,1,15.87,49.62,0,4024.67
2023-09-16,Z5_Entertainment,5,9,1,15.03,51.62,0,3967.42
2023-09-17,Z1_Downtown,6,9,1,16.77,48.83,0,5798.2
2023-09-17,Z2_Residential,6,9,1,18.3,41.33,0,3387.89
2023-09-17,Z3_Industrial,6,9,1,13.7,49.75,0,7715.7
2023-09-17,Z4_Suburban,6,9,1,15.39,49.97,0,4228.02
2023-09-17,Z5_Entertainment,6,9,1,13.41,46.5,0,3935.16
2023-09-18,Z1_Downtown,0,9,0,10.07,49.66,0,6092.3
2023-09-18,Z2_Residential,0,9,0,15.8,45.41,0,2783.02
2023-09-18,Z3_Industrial,0,9,0,12.61,55.01,0,9761.07
2023-09-18,Z4_Suburban,0,9,0,15.13,47.77,0,4217.69
2023-09-18,Z5_Entertainment,0,9,0,14.89,60.51,0,3630.98
2023-09-19,Z1_Downtown,1,9,0,13.46,46.78,1,6280.24
2023-09-19,Z2_Residential,1,9,0,22.61,44.74,0,3234.1
2023-09-19,Z3_Industrial,1,9,0,15.12,50.67,0,9512.49
2023-09-19,Z4_Suburban,1,9,0,16.4,51.76,0,4183.38
2023-09-19,Z5_Entertainment,1,9,0,17.46,50.48,0,3758.8
2023-09-20,Z1_Downtown,2,9,0,14.33,51.58,0,5515.56
2023-09-20,Z2_Residential,2,9,0,11.91,42.06,0,2796.65
2023-09-20,Z3_Industrial,2,9,0,12.38,48.35,0,9609.36
2023-09-20,Z4_Suburban,2,9,0,16.73,47.57,0,3964.45
2023-09-20,Z5_Entertainment,2,9,0,13.09,46.41,0,3969.96
2023-09-21,Z1_Downtown,3,9,0,16.14,55.15,0,6075.26
2023-09-21,Z2_Residential,3,9,0,15.62,55.57,0,3153.13
2023-09-21,Z3_Industrial,3,9,0,13.95,52.35,0,9806.86
2023-09-21,Z4_Suburban,3,9,0,10.67,47.81,0,3777.91
2023-09-21,Z5_Entertainment,3,9,0,14.04,46.11,1,4615.67
2023-09-22,Z1_Downtown,4,9,0,13.93,54.96,0,5942.67
2023-09-22,Z2_Residential,4,9,0,16.45,55.99,0,3566.82
2023-09-22,Z3_Industrial,4,9,0,17.03,52.34,0,9440.15
2023-09-22,Z4_Suburban,4,9,0,17.96,59.27,0,4215.59
2023-09-22,Z5_Entertainment,4,9,0,11.26,53.16,1,4533.73
2023-09-23,Z1_Downtown,5,9,1,14.75,53.54,0,6063.66
2023-09-23,Z2_Residential,5,9,1,15.49,46.0,0,3039.1
2023-09-23,Z3_Industrial,5,9,1,9.15,54.63,0,7521.15
2023-09-23,Z4_Suburban,5,9,1,16.93,47.83,1,4322.47
2023-09-23,Z5_Entertainment,5,9,1,9.54,51.54,1,4898.2
2023-09-24,Z1_Downtown,6,9,1,18.85,43.5,0,5675.69
2023-09-24,Z2_Residential,6,9,1,16.19,52.62,0,3190.53
2023-09-24,Z3_Industrial,6,9,1,12.0,55.77,0,7402.36
2023-09-24,Z4_Suburban,6,9,1,11.67,52.83,0,4187.66
2023-09-24,Z5_Entertainment,6,9,1,17.57,47.43,1,5033.8
2023-09-25,Z1_Downtown,0,9,0,14.67,47.51,0,5929.35
2023-09-25,Z2_Residential,0,9,0,16.66,58.9,0,3204.05
2023-09-25,Z3_Industrial,0,9,0,12.9,58.1,1,9320.95
2023-09-25,Z4_Suburban,0,9,0,11.09,53.8,0,3984.07
2023-09-25,Z5_Entertainment,0,9,0,16.36,55.14,0,3574.36
2023-09-26,Z1_Downtown,1,9,0,14.07,55.03,0,5608.27
2023-09-26,Z2_Residential,1,9,0,11.34,51.66,0,3358.83
2023-09-26,Z3_Industrial,1,9,0,11.4,54.19,0,9629.85
2023-09-26,Z4_Suburban,1,9,0,14.43,53.07,1,4506.09
2023-09-26,Z5_Entertainment,1,9,0,10.79,55.53,0,3926.79
2023-09-27,Z1_Downtown,2,9,0,16.03,52.71,0,5769.79
2023-09-27,Z2_Residential,2,9,0,8.15,51.37,1,3399.96
2023-09-27,Z3_Industrial,2,9,0,16.78,54.29,0,9268.24
2023-09-27,Z4_Suburban,2,9,0,13.94,56.72,0,4008.32
2023-09-27,Z5_Entertainment,2,9,0,13.19,56.11,0,3871.56
2023-09-28,Z1_Downtown,3,9,0,11.89,51.32,0,5762.45
2023-09-28,Z2_Residential,3,9,0,17.77,50.36,0,3339.71
2023-09-28,Z3_Industrial,3,9,0,11.58,61.06,0,10180.29
2023-09-28,Z4_Suburban,3,9,0,14.83,53.52,0,3881.02
2023-09-28,Z5_Entertainment,3,9,0,13.15,56.47,0,3832.96
2023-09-29,Z1_Downtown,4,9,0,12.09,57.17,0,5622.55
2023-09-29,Z2_Residential,4,9,0,11.05,54.1,0,3275.89
2023-09-29,Z3_Industrial,4,9,0,9.59,50.88,0,9377.13
2023-09-29,Z4_Suburban,4,9,0,16.73,45.09,0,3726.82
2023-09-29,Z5_Entertainment,4,9,0,10.65,53.64,0,3936.44
2023-09-30,Z1_Downtown,5,9,1,15.42,43.61,0,5796.48
2023-09-30,Z2_Residential,5,9,1,14.31,45.81,0,3259.94
2023-09-30,Z3_Industrial,5,9,1,15.37,44.5,1,7080.83
2023-09-30,Z4_Suburban,5,9,1,13.75,56.31,0,4145.87
2023-09-30,Z5_Entertainment,5,9,1,14.8,59.23,0,4191.68
2023-10-01,Z1_Downtown,6,10,1,14.64,51.36,1,6749.61
2023-10-01,Z2_Residential,6,10,1,9.25,51.76,0,3415.25
2023-10-01,Z3_Industrial,6,10,1,10.68,49.23,0,7537.58
2023-10-01,Z4_Suburban,6,10,1,17.97,45.11,0,3853.83
2023-10-01,Z5_Entertainment,6,10,1,14.79,47.96,1,4847.86
2023-10-02,Z1_Downtown,0,10,0,11.82,54.49,1,6354.6
2023-10-02,Z2_Residential,0,10,0,8.69,56.51,0,3346.3
2023-10-02,Z3_Industrial,0,10,0,10.24,44.86,0,9947.06
2023-10-02,Z4_Suburban,0,10,0,12.41,51.88,0,4242.07
2023-10-02,Z5_Entertainment,0,10,0,9.44,49.25,0,3567.97
2023-10-03,Z1_Downtown,1,10,0,14.96,56.22,0,5899.28
2023-10-03,Z2_Residential,1,10,0,11.37,47.79,0,2928.63
2023-10-03,Z3_Industrial,1,10,0,12.99,57.14,0,9632.69
2023-10-03,Z4_Suburban,1,10,0,14.09,51.62,0,4026.81
2023-10-03,Z5_Entertainment,1,10,0,10.81,54.45,0,3734.72
2023-10-04,Z1_Downtown,2,10,0,13.13,57.77,0,5937.72
2023-10-04,Z2_Residential,2,10,0,10.21,53.42,0,3224.36
2023-10-04,Z3_Industrial,2,10,0,13.53,62.88,1,9334.0
2023-10-04,Z4_Suburban,2,10,0,9.74,52.06,0,3929.68
2023-10-04,Z5_Entertainment,2,10,0,10.18,57.25,0,3792.56
2023-10-05,Z1_Downtown,3,10,0,12.78,57.18,0,5663.08
2023-10-05,Z2_Residential,3,10,0,5.75,48.11,0,3194.49
2023-10-05,Z3_Industrial,3,10,0,8.95,51.0,0,9553.84
2023-10-05,Z4_Suburban,3,10,0,12.37,55.58,0,3767.68
2023-10-05,Z5_Entertainment,3,10,0,9.76,51.53,1,4774.17
2023-10-06,Z1_Downtown,4,10,0,14.64,57.86,0,5940.28
2023-10-06,Z2_Residential,4,10,0,12.68,49.77,0,3056.72
2023-10-06,Z3_Industrial,4,10,0,7.55,56.08,1,9638.43
2023-10-06,Z4_Suburban,4,10,0,10.98,50.21,0,3916.57
2023-10-06,Z5_Entertainment,4,10,0,11.49,55.59,0,3738.42
2023-10-07,Z1_Downtown,5,10,1,5.32,56.86,0,6216.19
2023-10-07,Z2_Residential,5,10,1,11.77,57.05,0,3356.24
2023-10-07,Z3_Industrial,5,10,1,15.02,62.61,0,7377.05
2023-10-07,Z4_Suburban,5,10,1,8.33,57.63,1,4740.93
2023-10-07,Z5_Entertainment,5,10,1,9.26,53.17,0,4119.0
2023-10-08,Z1_Downtown,6,10,1,11.85,51.38,0,6307.98
2023-10-08,Z2_Residential,6,10,1,16.84,56.51,0,3259.17
2023-10-08,Z3_Industrial,6,10,1,11.89,60.98,1,7391.77
2023-10-08,Z4_Suburban,6,10,1,11.11,58.6,0,4018.29
2023-10-08,Z5_Entertainment,6,10,1,12.17,59.9,0,4162.71
2023-10-09,Z1_Downtown,0,10,0,9.2,50.29,1,6448.09
2023-10-09,Z2_Residential,0,10,0,11.61,62.02,1,3553.64
2023-10-09,Z3_Industrial,0,10,0,10.78,51.69,1,9603.87
2023-10-09,Z4_Suburban,0,10,0,7.91,54.84,0,4212.79
2023-10-09,Z5_Entertainment,0,10,0,11.37,56.82,0,3854.74
2023-10-10,Z1_Downtown,1,10,0,8.37,56.2,0,6234.95
2023-10-10,Z2_Residential,1,10,0,13.52,57.92,0,3163.78
2023-10-10,Z3_Industrial,1,10,0,7.01,53.67,0,9613.09
2023-10-10,Z4_Suburban,1,10,0,11.34,59.36,0,3976.49
2023-10-10,Z5_Entertainment,1,10,0,13.79,58.61,1,4776.33
2023-10-11,Z1_Downtown,2,10,0,9.68,55.16,1,6963.8
2023-10-11,Z2_Residential,2,10,0,10.41,58.31,0,3117.66
2023-10-11,Z3_Industrial,2,10,0,13.01,57.01,0,9861.58
2023-10-11,Z4_Suburban,2,10,0,5.49,58.37,0,3855.94
2023-10-11,Z5_Entertainment,2,10,0,13.73,41.14,0,3804.34
2023-10-12,Z1_Downtown,3,10,0,3.84,57.47,0,6141.53
2023-10-12,Z2_Residential,3,10,0,11.17,53.18,0,3206.76
2023-10-12,Z3_Industrial,3,10,0,14.09,60.89,0,8927.01
2023-10-12,Z4_Suburban,3,10,0,7.6,47.28,0,3995.58
2023-10-12,Z5_Entertainment,3,10,0,6.14,59.13,0,3887.4
2023-10-13,Z1_Downtown,4,10,0,9.06,45.74,0,5729.99
2023-10-13,Z2_Residential,4,10,0,9.91,57.38,0,3137.4
2023-10-13,Z3_Industrial,4,10,0,10.21,60.5,0,9622.18
2023-10-13,Z4_Suburban,4,10,0,9.02,52.25,0,3893.91
2023-10-13,Z5_Entertainment,4,10,0,10.46,55.63,0,3826.95
2023-10-14,Z1_Downtown,5,10,1,8.0,47.51,0,6043.82
2023-10-14,Z2_Residential,5,10,1,11.39,53.08,0,3268.32
2023-10-14,Z3_Industrial,5,10,1,7.08,50.77,0,7723.86
2023-10-14,Z4_Suburban,5,10,1,12.7,58.74,0,4574.34
2023-10-14,Z5_Entertainment,5,10,1,8.39,54.39,0,4206.94
2023-10-15,Z1_Downtown,6,10,1,14.55,57.23,0,5835.87
2023-10-15,Z2_Residential,6,10,1,4.43,54.59,0,3578.75
2023-10-15,Z3_Industrial,6,10,1,9.1,51.01,0,7553.54
2023-10-15,Z4_Suburban,6,10,1,10.13,56.82,0,4384.91
2023-10-15,Z5_Entertainment,6,10,1,1.22,57.9,0,4029.77
2023-10-16,Z1_Downtown,0,10,0,8.23,56.19,1,6689.66
2023-10-16,Z2_Residential,0,10,0,10.01,56.99,0,3166.07
2023-10-16,Z3_Industrial,0,10,0,16.78,56.99,0,8840.99
2023-10-16,Z4_Suburban,0,10,0,7.47,61.97,0,3844.75
2023-10-16,Z5_Entertainment,0,10,0,8.91,63.09,0,3884.72
2023-10-17,Z1_Downtown,1,10,0,3.97,58.74,0,5647.89
2023-10-17,Z2_Residential,1,10,0,11.45,60.31,0,3278.42
2023-10-17,Z3_Industrial,1,10,0,10.25,59.09,0,8806.13
2023-10-17,Z4_Suburban,1,10,0,4.86,52.8,0,4162.48
2023-10-17,Z5_Entertainment,1,10,0,9.43,62.07,0,3785.67
2023-10-18,Z1_Downtown,2,10,0,9.0,52.49,1,6459.61
2023-10-18,Z2_Residential,2,10,0,-0.12,68.79,0,3532.77
2023-10-18,Z3_Industrial,2,10,0,13.22,55.0,0,9299.89
2023-10-18,Z4_Suburban,2,10,0,12.53,56.21,0,4229.19
2023-10-18,Z5_Entertainment,2,10,0,9.87,56.46,0,4280.98
2023-10-19,Z1_Downtown,3,10,0,8.99,57.57,0,6130.23
2023-10-19,Z2_Residential,3,10,0,6.69,55.6,0,3094.78
2023-10-19,Z3_Industrial,3,10,0,6.9,56.71,0,9740.33
2023-10-19,Z4_Suburban,3,10,0,5.91,53.35,0,4267.21
2023-10-19,Z5_Entertainment,3,10,0,8.26,54.77,0,3753.66
2023-10-20,Z1_Downtown,4,10,0,8.96,68.6,0,5735.56
2023-10-20,Z2_Residential,4,10,0,9.01,54.89,0,3258.16
2023-10-20,Z3_Industrial,4,10,0,10.78,55.69,0,9121.66
2023-10-20,Z4_Suburban,4,10,0,7.61,54.43,0,4369.83
2023-10-20,Z5_Entertainment,4,10,0,9.15,60.1,0,4037.81
2023-10-21,Z1_Downtown,5,10,1,6.74,58.86,0,6239.17
2023-10-21,Z2_Residential,5,10,1,8.63,55.58,0,3406.81
2023-10-21,Z3_Industrial,5,10,1,7.26,48.04,0,7553.99
2023-10-21,Z4_Suburban,5,10,1,14.1,55.54,0,4037.74
2023-10-21,Z5_Entertainment,5,10,1,8.3,58.51,1,4999.31
2023-10-22,Z1_Downtown,6,10,1,2.62,62.38,0,6342.97
2023-10-22,Z2_Residential,6,10,1,4.0,54.84,0,3516.51
2023-10-22,Z3_Industrial,6,10,1,8.77,64.94,0,7574.19
2023-10-22,Z4_Suburban,6,10,1,11.19,60.6,0,4476.25
2023-10-22,Z5_Entertainment,6,10,1,10.25,60.99,0,3973.69
2023-10-23,Z1_Downtown,0,10,0,6.68,61.9,0,6228.4
2023-10-23,Z2_Residential,0,10,0,10.65,64.0,0,3115.27
2023-10-23,Z3_Industrial,0,10,0,8.57,54.97,0,9397.06
2023-10-23,Z4_Suburban,0,10,0,10.68,60.31,0,4134.62
2023-10-23,Z5_Entertainment,0,10,0,13.49,58.89,0,3694.88
2023-10-24,Z1_Downtown,1,10,0,9.94,55.75,0,6065.85
2023-10-24,Z2_Residential,1,10,0,10.06,63.92,0,3240.53
2023-10-24,Z3_Industrial,1,10,0,7.02,62.17,0,9691.17
2023-10-24,Z4_Suburban,1,10,0,12.1,62.75,0,4285.35
2023-10-24,Z5_Entertainment,1,10,0,11.43,68.25,0,3945.27
2023-10-25,Z1_Downtown,2,10,0,6.43,61.4,0,6072.67
2023-10-25,Z2_Residential,2,10,0,8.1,58.77,0,3221.44
2023-10-25,Z3_Industrial,2,10,0,7.31,67.11,0,9581.73
2023-10-25,Z4_Suburban,2,10,0,4.8,62.1,0,4534.14
2023-10-25,Z5_Entertainment,2,10,0,7.48,61.39,1,4939.81
2023-10-26,Z1_Downtown,3,10,0,7.56,59.07,0,6007.36
2023-10-26,Z2_Residential,3,10,0,6.04,57.56,0,3636.63
2023-10-26,Z3_Industrial,3,10,0,3.76,52.48,0,9531.78
2023-10-26,Z4_Suburban,3,10,0,9.01,61.73,1,4592.64
2023-10-26,Z5_Entertainment,3,10,0,5.04,57.55,0,3739.82
2023-10-27,Z1_Downtown,4,10,0,3.67,53.42,0,6088.99
2023-10-27,Z2_Residential,4,10,0,8.1,49.83,1,3619.75
2023-10-27,Z3_Industrial,4,10,0,-0.37,65.16,0,9991.48
2023-10-27,Z4_Suburban,4,10,0,4.36,64.28,0,3945.29
2023-10-27,Z5_Entertainment,4,10,0,8.32,49.99,0,3851.39
2023-10-28,Z1_Downtown,5,10,1,6.71,54.73,0,5769.86
2023-10-28,Z2_Residential,5,10,1,9.49,57.24,0,3586.38
2023-10-28,Z3_Industrial,5,10,1,6.22,68.83,0,7109.94
2023-10-28,Z4_Suburban,5,10,1,6.17,59.9,0,4465.53
2023-10-28,Z5_Entertainment,5,10,1,6.83,58.29,1,5258.44
2023-10-29,Z1_Downtown,6,10,1,6.21,57.57,0,6022.82
2023-10-29,Z2_Residential,6,10,1,2.69,55.8,0,3542.35
2023-10-29,Z3_Industrial,6,10,1,7.96,47.15,0,7223.08
2023-10-29,Z4_Suburban,6,10,1,4.99,60.45,0,4085.0
2023-10-29,Z5_Entertainment,6,10,1,8.5,60.76,1,4883.03
2023-10-30,Z1_Downtown,0,10,0,2.34,60.93,1,6799.39
2023-10-30,Z2_Residential,0,10,0,2.55,60.93,0,3545.15
2023-10-30,Z3_Industrial,0,10,0,7.53,44.88,0,9110.39
2023-10-30,Z4_Suburban,0,10,0,2.46,58.86,0,3999.05
2023-10-30,Z5_Entertainment,0,10,0,7.77,63.62,1,4727.31
2023-10-31,Z1_Downtown,1,10,0,3.38,65.19,0,6386.44
2023-10-31,Z2_Residential,1,10,0,5.41,59.59,0,3313.8
2023-10-31,Z3_Industrial,1,10,0,7.36,53.38,0,9553.55
2023-10-31,Z4_Suburban,1,10,0,4.22,64.34,0,4379.48
2023-10-31,Z5_Entertainment,1,10,0,9.88,67.26,0,3891.73
2023-11-01,Z1_Downtown,2,11,0,4.06,58.81,0,5870.59
2023-11-01,Z2_Residential,2,11,0,7.54,70.99,0,3233.56
2023-11-01,Z3_Industrial,2,11,0,2.29,64.21,0,9961.53
2023-11-01,Z4_Suburban,2,11,0,4.31,64.48,0,4202.61
2023-11-01,Z5_Entertainment,2,11,0,4.64,54.34,0,3963.76
2023-11-02,Z1_Downtown,3,11,0,7.08,57.9,0,5860.29
2023-11-02,Z2_Residential,3,11,0,8.22,57.98,0,3248.96
2023-11-02,Z3_Industrial,3,11,0,6.72,68.8,0,9820.35
2023-11-02,Z4_Suburban,3,11,0,7.27,54.82,0,3897.24
2023-11-02,Z5_Entertainment,3,11,0,2.14,64.56,1,4992.42
2023-11-03,Z1_Downtown,4,11,0,-1.19,71.12,0,6868.4
2023-11-03,Z2_Residential,4,11,0,1.67,56.78,0,3457.54
2023-11-03,Z3_Industrial,4,11,0,2.54,55.47,1,10093.7
2023-11-03,Z4_Suburban,4,11,0,7.07,69.9,0,4387.25
2023-11-03,Z5_Entertainment,4,11,0,2.07,59.16,0,4126.86
2023-11-04,Z1_Downtown,5,11,1,7.66,66.05,0,6385.16
2023-11-04,Z2_Residential,5,11,1,5.01,59.47,0,3471.66
2023-11-04,Z3_Industrial,5,11,1,9.48,62.63,0,7212.06
2023-11-04,Z4_Suburban,5,11,1,11.24,67.62,0,4392.31
2023-11-04,Z5_Entertainment,5,11,1,4.59,61.83,0,4285.86
2023-11-05,Z1_Downtown,6,11,1,8.58,54.79,0,5909.97
2023-11-05,Z2_Residential,6,11,1,3.86,71.35,0,3841.21
2023-11-05,Z3_Industrial,6,11,1,4.29,59.92,0,7561.84
2023-11-05,Z4_Suburban,6,11,1,6.18,67.78,0,4512.35
2023-11-05,Z5_Entertainment,6,11,1,5.38,65.81,0,4336.34
2023-11-06,Z1_Downtown,0,11,0,4.73,56.32,0,5975.81
2023-11-06,Z2_Residential,0,11,0,8.41,69.98,0,3618.78
2023-11-06,Z3_Industrial,0,11,0,4.68,66.38,0,9403.4
2023-11-06,Z4_Suburban,0,11,0,3.09,51.31,0,4011.01
2023-11-06,Z5_Entertainment,0,11,0,2.78,55.71,0,4298.01
2023-11-07,Z1_Downtown,1,11,0,9.86,53.56,0,5514.95
2023-11-07,Z2_Residential,1,11,0,7.09,63.3,0,3336.08
2023-11-07,Z3_Industrial,1,11,0,3.43,69.94,0,9882.91
2023-11-07,Z4_Suburban,1,11,0,-2.04,61.53,0,4646.19
2023-11-07,Z5_Entertainment,1,11,0,0.01,60.3,0,4368.33
2023-11-08,Z1_Downtown,2,11,0,5.07,58.28,0,5403.06
2023-11-08,Z2_Residential,2,11,0,1.75,62.31,0,3226.67
2023-11-08,Z3_Industrial,2,11,0,3.51,67.17,0,9705.96
2023-11-08,Z4_Suburban,2,11,0,4.63,70.7,0,4398.68
2023-11-08,Z5_Entertainment,2,11,0,6.6,55.49,0,4028.5
2023-11-09,Z1_Downtown,3,11,0,3.75,60.1,0,6278.73
2023-11-09,Z2_Residential,3,11,0,5.69,58.63,0,3503.67
2023-11-09,Z3_Industrial,3,11,0,2.23,63.1,0,9601.96
2023-11-09,Z4_Suburban,3,11,0,0.23,69.43,0,4682.33
2023-11-09,Z5_Entertainment,3,11,0,2.75,59.25,0,4196.26
2023-11-10,Z1_Downtown,4,11,0,4.67,66.44,0,6089.27
2023-11-10,Z2_Residential,4,11,0,2.5,67.15,0,3701.01
2023-11-10,Z3_Industrial,4,11,0,3.36,62.74,0,9616.84
2023-11-10,Z4_Suburban,4,11,0,3.41,62.48,0,4200.81
2023-11-10,Z5_Entertainment,4,11,0,3.84,62.68,0,4021.13
2023-11-11,Z1_Downtown,5,11,1,8.52,62.1,0,6043.68
2023-11-11,Z2_Residential,5,11,1,0.71,57.7,0,3796.54
2023-11-11,Z3_Industrial,5,11,1,3.92,60.46,0,7786.55
2023-11-11,Z4_Suburban,5,11,1,7.14,58.62,0,4644.15
2023-11-11,Z5_Entertainment,5,11,1,4.6,61.55,0,4372.81
2023-11-12,Z1_Downtown,6,11,1,2.42,64.24,0,6105.59
2023-11-12,Z2_Residential,6,11,1,3.88,57.57,0,3482.21
2023-11-12,Z3_Industrial,6,11,1,5.05,61.53,1,7498.86
2023-11-12,Z4_Suburban,6,11,1,0.99,65.28,0,4607.47
2023-11-12,Z5_Entertainment,6,11,1,3.35,65.01,1,5241.84
2023-11-13,Z1_Downtown,0,11,0,11.46,62.78,0,5994.74
2023-11-13,Z2_Residential,0,11,0,7.82,68.27,0,3436.64
2023-11-13,Z3_Industrial,0,11,0,10.14,66.5,0,9626.61
2023-11-13,Z4_Suburban,0,11,0,0.51,69.56,0,4521.49
2023-11-13,Z5_Entertainment,0,11,0,1.56,60.66,0,4088.14
2023-11-14,Z1_Downtown,1,11,0,2.17,57.92,0,5845.36
2023-11-14,Z2_Residential,1,11,0,3.85,68.54,0,3688.11
2023-11-14,Z3_Industrial,1,11,0,1.77,62.45,0,10007.23
2023-11-14,Z4_Suburban,1,11,0,8.81,54.83,0,4244.12
2023-11-14,Z5_Entertainment,1,11,0,-0.05,66.48,1,5045.56
2023-11-15,Z1_Downtown,2,11,0,4.81,72.7,0,6120.9
2023-11-15,Z2_Residential,2,11,0,2.1,59.29,0,3252.92
2023-11-15,Z3_Industrial,2,11,0,2.8,64.41,0,9727.56
2023-11-15,Z4_Suburban,2,11,0,9.84,63.28,0,4329.58
2023-11-15,Z5_Entertainment,2,11,0,4.03,71.09,1,4936.09
2023-11-16,Z1_Downtown,3,11,0,-1.16,56.04,0,6358.65
2023-11-16,Z2_Residential,3,11,0,-0.11,70.42,0,3597.03
2023-11-16,Z3_Industrial,3,11,0,1.19,67.25,1,9479.5
2023-11-16,Z4_Suburban,3,11,0,6.27,65.91,0,4404.96
2023-11-16,Z5_Entertainment,3,11,0,3.32,66.06,0,4386.88
2023-11-17,Z1_Downtown,4,11,0,1.72,72.17,0,6457.31
2023-11-17,Z2_Residential,4,11,0,5.0,70.12,0,3609.1
2023-11-17,Z3_Industrial,4,11,0,7.78,63.1,0,9343.64
2023-11-17,Z4_Suburban,4,11,0,2.3,72.95,0,4371.01
2023-11-17,Z5_Entertainment,4,11,0,7.19,67.51,1,4823.41
2023-11-18,Z1_Downtown,5,11,1,3.36,61.33,0,5898.08
2023-11-18,Z2_Residential,5,11,1,4.75,66.25,0,3582.51
2023-11-18,Z3_Industrial,5,11,1,0.8,68.27,0,7542.98
2023-11-18,Z4_Suburban,5,11,1,8.23,72.06,0,4473.47
2023-11-18,Z5_Entertainment,5,11,1,4.09,64.28,0,4299.67
2023-11-19,Z1_Downtown,6,11,1,2.89,74.45,0,6706.5
2023-11-19,Z2_Residential,6,11,1,-0.25,59.74,0,3843.15
2023-11-19,Z3_Industrial,6,11,1,0.52,65.0,0,7341.23
2023-11-19,Z4_Suburban,6,11,1,5.01,62.71,0,4288.2
2023-11-19,Z5_Entertainment,6,11,1,1.3,73.67,0,4186.09
2023-11-20,Z1_Downtown,0,11,0,2.01,57.14,0,6452.28
2023-11-20,Z2_Residential,0,11,0,2.44,74.58,0,3597.12
2023-11-20,Z3_Industrial,0,11,0,4.4,51.76,0,9540.69
2023-11-20,Z4_Suburban,0,11,0,6.51,69.95,0,4569.98
2023-11-20,Z5_Entertainment,0,11,0,2.14,60.6,0,4028.57
2023-11-21,Z1_Downtown,1,11,0,6.53,67.07,0,6221.83
2023-11-21,Z2_Residential,1,11,0,5.41,69.28,0,3526.95
2023-11-21,Z3_Industrial,1,11,0,3.1,71.56,0,9650.83
2023-11-21,Z4_Suburban,1,11,0,6.98,73.48,0,4343.57
2023-11-21,Z5_Entertainment,1,11,0,6.34,69.37,0,3969.87
2023-11-22,Z1_Downtown,2,11,0,3.4,65.5,0,6171.08
2023-11-22,Z2_Residential,2,11,0,3.23,63.73,0,3612.79
2023-11-22,Z3_Industrial,2,11,0,4.99,64.22,1,9817.42
2023-11-22,Z4_Suburban,2,11,0,-0.52,68.97,0,4949.85
2023-11-22,Z5_Entertainment,2,11,0,6.21,69.16,0,4047.14
2023-11-23,Z1_Downtown,3,11,0,-0.05,57.15,0,6218.42
2023-11-23,Z2_Residential,3,11,0,-2.81,63.12,1,3994.07
2023-11-23,Z3_Industrial,3,11,0,0.8,64.14,0,9901.97
2023-11-23,Z4_Suburban,3,11,0,1.06,65.5,0,4296.67
2023-11-23,Z5_Entertainment,3,11,0,0.54,70.9,0,3973.0
2023-11-24,Z1_Downtown,4,11,0,2.25,66.67,0,6192.89
2023-11-24,Z2_Residential,4,11,0,4.52,68.34,0,3624.5
2023-11-24,Z3_Industrial,4,11,0,5.98,80.08,0,9682.58
2023-11-24,Z4_Suburban,4,11,0,4.79,63.29,0,4183.22
2023-11-24,Z5_Entertainment,4,11,0,3.35,62.82,0,4111.65
2023-11-25,Z1_Downtown,5,11,1,1.91,56.68,0,6071.44
2023-11-25,Z2_Residential,5,11,1,0.04,68.39,0,3935.7
2023-11-25,Z3_Industrial,5,11,1,4.13,71.68,1,7577.03
2023-11-25,Z4_Suburban,5,11,1,5.0,70.91,0,4829.9
2023-11-25,Z5_Entertainment,5,11,1,-3.61,64.86,0,4576.4
2023-11-26,Z1_Downtown,6,11,1,6.08,59.3,0,5898.91
2023-11-26,Z2_Residential,6,11,1,-0.7,65.38,0,3586.04
2023-11-26,Z3_Industrial,6,11,1,3.78,69.95,0,7243.84
2023-11-26,Z4_Suburban,6,11,1,2.05,66.4,0,4148.97
2023-11-26,Z5_Entertainment,6,11,1,-0.24,66.58,0,4297.36
2023-11-27,Z1_Downtown,0,11,0,1.74,63.49,0,6345.16
2023-11-27,Z2_Residential,0,11,0,1.47,64.52,0,3509.15
2023-11-27,Z3_Industrial,0,11,0,-2.29,69.09,0,10191.01
2023-11-27,Z4_Suburban,0,11,0,3.54,72.63,0,4428.02
2023-11-27,Z5_Entertainment,0,11,0,-1.05,63.26,0,4369.25
2023-11-28,Z1_Downtown,1,11,0,-0.9,64.72,1,7064.13
2023-11-28,Z2_Residential,1,11,0,-2.43,59.0,0,3311.36
2023-11-28,Z3_Industrial,1,11,0,0.85,67.82,0,9606.82
2023-11-28,Z4_Suburban,1,11,0,1.06,71.23,1,4769.7
2023-11-28,Z5_Entertainment,1,11,0,2.06,68.93,0,4226.01
2023-11-29,Z1_Downtown,2,11,0,4.92,64.18,0,6007.47
2023-11-29,Z2_Residential,2,11,0,1.52,62.2,0,3593.7
2023-11-29,Z3_Industrial,2,11,0,1.12,70.45,0,9938.08
2023-11-29,Z4_Suburban,2,11,0,-1.48,66.51,0,4606.37
2023-11-29,Z5_Entertainment,2,11,0,0.31,54.74,0,4057.91
2023-11-30,Z1_Downtown,3,11,0,1.96,75.88,1,6907.72
2023-11-30,Z2_Residential,3,11,0,1.72,72.98,0,3586.24
2023-11-30,Z3_Industrial,3,11,0,-0.92,74.56,0,9438.64
2023-11-30,Z4_Suburban,3,11,0,1.52,70.01,0,4404.66
2023-11-30,Z5_Entertainment,3,11,0,0.17,69.16,0,4071.69
2023-12-01,Z1_Downtown,4,12,0,-1.62,68.07,0,6312.74
2023-12-01,Z2_Residential,4,12,0,2.22,71.43,0,3641.26
2023-12-01,Z3_Industrial,4,12,0,1.12,64.85,0,9422.33
2023-12-01,Z4_Suburban,4,12,0,1.77,63.75,0,4214.94
2023-12-01,Z5_Entertainment,4,12,0,-2.43,71.78,0,4076.93
2023-12-02,Z1_Downtown,5,12,1,-1.09,70.02,0,6485.53
2023-12-02,Z2_Residential,5,12,1,1.11,73.26,0,4077.64
2023-12-02,Z3_Industrial,5,12,1,7.76,54.37,0,7082.66
2023-12-02,Z4_Suburban,5,12,1,0.99,65.81,1,4961.53
2023-12-02,Z5_Entertainment,5,12,1,-0.63,67.05,0,4163.14
2023-12-03,Z1_Downtown,6,12,1,-2.54,78.09,0,6677.03
2023-12-03,Z2_Residential,6,12,1,0.58,70.86,0,3887.11
2023-12-03,Z3_Industrial,6,12,1,-2.22,61.2,0,7338.71
2023-12-03,Z4_Suburban,6,12,1,-2.73,72.22,0,5083.05
2023-12-03,Z5_Entertainment,6,12,1,6.13,66.88,0,4019.64
2023-12-04,Z1_Downtown,0,12,0,3.07,65.85,0,6091.49
2023-12-04,Z2_Residential,0,12,0,0.35,66.71,0,3469.64
2023-12-04,Z3_Industrial,0,12,0,5.85,61.71,0,9181.14
2023-12-04,Z4_Suburban,0,12,0,1.51,65.89,0,4549.71
2023-12-04,Z5_Entertainment,0,12,0,5.26,74.29,0,4094.99
2023-12-05,Z1_Downtown,1,12,0,-0.51,63.6,0,6200.03
2023-12-05,Z2_Residential,1,12,0,2.07,58.99,0,3619.8
2023-12-05,Z3_Industrial,1,12,0,4.25,65.63,0,9777.81
2023-12-05,Z4_Suburban,1,12,0,-4.34,74.1,1,5362.83
2023-12-05,Z5_Entertainment,1,12,0,-2.87,73.14,0,4171.45
2023-12-06,Z1_Downtown,2,12,0,-2.03,71.74,0,6849.64
2023-12-06,Z2_Residential,2,12,0,3.91,65.79,0,3277.06
2023-12-06,Z3_Industrial,2,12,0,5.07,64.87,0,9788.05
2023-12-06,Z4_Suburban,2,12,0,2.22,67.23,0,4422.23
2023-12-06,Z5_Entertainment,2,12,0,0.47,72.24,0,4027.34
2023-12-07,Z1_Downtown,3,12,0,2.84,68.65,0,6086.33
2023-12-07,Z2_Residential,3,12,0,-1.69,77.65,0,3875.51
2023-12-07,Z3_Industrial,3,12,0,0.37,67.47,0,9532.46
2023-12-07,Z4_Suburban,3,12,0,-0.25,78.33,0,4976.17
2023-12-07,Z5_Entertainment,3,12,0,-2.16,71.56,0,4205.66
2023-12-08,Z1_Downtown,4,12,0,0.63,63.34,0,6069.9
2023-12-08,Z2_Residential,4,12,0,1.05,63.01,0,3652.44
2023-12-08,Z3_Industrial,4,12,0,1.21,63.41,0,9503.07
2023-12-08,Z4_Suburban,4,12,0,-1.48,60.37,0,4155.0
2023-12-08,Z5_Entertainment,4,12,0,-0.27,72.9,0,4225.42
2023-12-09,Z1_Downtown,5,12,1,-0.57,69.71,0,6472.43
2023-12-09,Z2_Residential,5,12,1,2.2,61.55,0,3591.56
2023-12-09,Z3_Industrial,5,12,1,3.87,68.77,0,7554.98
2023-12-09,Z4_Suburban,5,12,1,0.11,74.84,0,4942.02
2023-12-09,Z5_Entertainment,5,12,1,0.26,71.13,0,4358.17
2023-12-10,Z1_Downtown,6,12,1,-1.49,70.82,1,7078.29
2023-12-10,Z2_Residential,6,12,1,1.06,70.25,0,3774.76
2023-12-10,Z3_Industrial,6,12,1,-1.32,81.31,0,7528.1
2023-12-10,Z4_Suburban,6,12,1,4.13,59.68,0,4375.67
2023-12-10,Z5_Entertainment,6,12,1,-2.25,68.4,0,4530.57
2023-12-11,Z1_Downtown,0,12,0,-1.69,71.78,1,7100.76
2023-12-11,Z2_Residential,0,12,0,-0.14,76.69,1,4331.65
2023-12-11,Z3_Industrial,0,12,0,-0.82,73.49,0,9578.2
2023-12-11,Z4_Suburban,0,12,0,2.74,68.28,0,3928.29
2023-12-11,Z5_Entertainment,0,12,0,4.34,75.93,1,4945.73
2023-12-12,Z1_Downtown,1,12,0,5.84,69.89,0,5968.81
2023-12-12,Z2_Residential,1,12,0,1.15,64.94,0,3811.32
2023-12-12,Z3_Industrial,1,12,0,2.32,69.92,0,10232.6
2023-12-12,Z4_Suburban,1,12,0,1.32,68.53,0,4374.55
2023-12-12,Z5_Entertainment,1,12,0,1.49,62.76,0,4067.68
2023-12-13,Z1_Downtown,2,12,0,3.99,69.16,0,5862.4
2023-12-13,Z2_Residential,2,12,0,2.99,65.79,0,3479.74
2023-12-13,Z3_Industrial,2,12,0,1.4,61.63,0,9936.13
2023-12-13,Z4_Suburban,2,12,0,0.15,69.04,1,4838.36
2023-12-13,Z5_Entertainment,2,12,0,-1.48,69.98,0,4015.57
2023-12-14,Z1_Downtown,3,12,0,0.13,63.44,0,6250.17
2023-12-14,Z2_Residential,3,12,0,-1.06,70.81,0,3529.19
2023-12-14,Z3_Industrial,3,12,0,-2.58,65.02,0,9425.2
2023-12-14,Z4_Suburban,3,12,0,2.23,66.17,0,4236.95
2023-12-14,Z5_Entertainment,3,12,0,1.17,70.62,0,4228.1
2023-12-15,Z1_Downtown,4,12,0,-0.44,73.96,0,6003.23
2023-12-15,Z2_Residential,4,12,0,-1.06,69.35,0,3601.43
2023-12-15,Z3_Industrial,4,12,0,-2.21,77.56,0,9659.8
2023-12-15,Z4_Suburban,4,12,0,3.66,70.39,0,4224.25
2023-12-15,Z5_Entertainment,4,12,0,0.47,66.75,0,3905.7
2023-12-16,Z1_Downtown,5,12,1,3.06,71.3,0,6736.93
2023-12-16,Z2_Residential,5,12,1,-0.07,67.09,0,3762.41
2023-12-16,Z3_Industrial,5,12,1,0.8,66.57,0,7233.39
2023-12-16,Z4_Suburban,5,12,1,1.93,71.4,0,5027.71
2023-12-16,Z5_Entertainment,5,12,1,2.93,77.63,0,4596.36
2023-12-17,Z1_Downtown,6,12,1,5.64,75.65,0,6273.7
2023-12-17,Z2_Residential,6,12,1,0.91,69.21,0,3690.94
2023-12-17,Z3_Industrial,6,12,1,0.54,59.12,0,7316.64
2023-12-17,Z4_Suburban,6,12,1,2.15,78.19,0,5060.39
2023-12-17,Z5_Entertainment,6,12,1,-2.09,82.89,0,4488.84
2023-12-18,Z1_Downtown,0,12,0,4.57,65.23,0,6421.31
2023-12-18,Z2_Residential,0,12,0,-3.66,73.88,0,4028.43
2023-12-18,Z3_Industrial,0,12,0,-2.95,79.12,0,9581.77
2023-12-18,Z4_Suburban,0,12,0,-2.05,65.64,0,4320.24
2023-12-18,Z5_Entertainment,0,12,0,2.86,67.76,0,3999.32
2023-12-19,Z1_Downtown,1,12,0,1.84,69.86,0,6407.47
2023-12-19,Z2_Residential,1,12,0,3.71,69.7,0,3514.89
2023-12-19,Z3_Industrial,1,12,0,2.18,63.94,0,9355.87
2023-12-19,Z4_Suburban,1,12,0,0.48,67.44,0,4208.68
2023-12-19,Z5_Entertainment,1,12,0,-2.95,69.58,0,3979.93
2023-12-20,Z1_Downtown,2,12,0,-0.52,69.41,0,6383.78
2023-12-20,Z2_Residential,2,12,0,-0.65,78.81,0,3641.97
2023-12-20,Z3_Industrial,2,12,0,1.24,72.04,0,9439.42
2023-12-20,Z4_Suburban,2,12,0,2.92,71.63,0,4698.01
2023-12-20,Z5_Entertainment,2,12,0,1.49,70.11,1,4992.52
2023-12-21,Z1_Downtown,3,12,0,5.2,71.97,0,6004.99
2023-12-21,Z2_Residential,3,12,0,-2.03,74.37,1,4273.83
2023-12-21,Z3_Industrial,3,12,0,-2.23,72.22,0,8902.24
2023-12-21,Z4_Suburban,3,12,0,6.05,69.46,0,4462.7
2023-12-21,Z5_Entertainment,3,12,0,2.82,72.95,0,4189.36
2023-12-22,Z1_Downtown,4,12,0,5.41,74.36,0,6330.33
2023-12-22,Z2_Residential,4,12,0,-3.5,84.8,0,4094.15
2023-12-22,Z3_Industrial,4,12,0,1.08,77.05,0,9922.77
2023-12-22,Z4_Suburban,4,12,0,0.38,79.64,0,4847.57
2023-12-22,Z5_Entertainment,4,12,0,-4.4,71.32,0,4279.46
2023-12-23,Z1_Downtown,5,12,1,3.42,70.07,0,6650.52
2023-12-23,Z2_Residential,5,12,1,-4.67,74.85,1,4301.67
2023-12-23,Z3_Industrial,5,12,1,1.86,78.04,1,7518.62
2023-12-23,Z4_Suburban,5,12,1,3.21,76.24,1,4998.44
2023-12-23,Z5_Entertainment,5,12,1,-0.57,76.09,0,4228.58
2023-12-24,Z1_Downtown,6,12,1,-3.17,76.22,0,6799.26
2023-12-24,Z2_Residential,6,12,1,4.14,65.51,0,3620.22
2023-12-24,Z3_Industrial,6,12,1,1.99,78.25,0,7568.61
2023-12-24,Z4_Suburban,6,12,1,3.62,71.13,0,4728.51
2023-12-24,Z5_Entertainment,6,12,1,1.9,74.97,1,5083.68
2023-12-25,Z1_Downtown,0,12,0,3.53,78.04,0,5888.74
2023-12-25,Z2_Residential,0,12,0,0.77,73.18,0,3588.99
2023-12-25,Z3_Industrial,0,12,0,-2.47,75.25,0,9107.34
2023-12-25,Z4_Suburban,0,12,0,1.94,71.93,0,4452.1
2023-12-25,Z5_Entertainment,0,12,0,-0.95,68.36,0,4163.65
2023-12-26,Z1_Downtown,1,12,0,1.45,71.41,0,6194.43
2023-12-26,Z2_Residential,1,12,0,7.35,68.51,0,3803.17
2023-12-26,Z3_Industrial,1,12,0,2.13,65.46,0,9288.56
2023-12-26,Z4_Suburban,1,12,0,3.35,71.3,0,4733.54
2023-12-26,Z5_Entertainment,1,12,0,2.5,77.22,0,4066.85
2023-12-27,Z1_Downtown,2,12,0,2.64,78.55,0,6697.7
2023-12-27,Z2_Residential,2,12,0,3.24,73.56,0,3583.27
2023-12-27,Z3_Industrial,2,12,0,-2.02,72.05,0,9558.33
2023-12-27,Z4_Suburban,2,12,0,1.95,72.61,1,4986.9
2023-12-27,Z5_Entertainment,2,12,0,1.53,65.67,0,4075.67
2023-12-28,Z1_Downtown,3,12,0,0.94,70.93,0,6653.43
2023-12-28,Z2_Residential,3,12,0,4.61,74.87,0,3619.46
2023-12-28,Z3_Industrial,3,12,0,1.33,71.69,0,9497.56
2023-12-28,Z4_Suburban,3,12,0,1.77,73.67,0,4450.15
2023-12-28,Z5_Entertainment,3,12,0,2.92,68.11,0,3999.72
2023-12-29,Z1_Downtown,4,12,0,-1.5,77.86,0,6298.36
2023-12-29,Z2_Residential,4,12,0,4.32,69.93,0,3360.13
2023-12-29,Z3_Industrial,4,12,0,3.26,77.01,0,9856.41
2023-12-29,Z4_Suburban,4,12,0,1.36,70.16,1,5060.38
2023-12-29,Z5_Entertainment,4,12,0,3.09,69.31,1,4937.97
2023-12-30,Z1_Downtown,5,12,1,-1.6,73.8,1,7011.58
2023-12-30,Z2_Residential,5,12,1,-2.48,65.1,0,3824.67
2023-12-30,Z3_Industrial,5,12,1,-0.97,76.17,0,7599.21
2023-12-30,Z4_Suburban,5,12,1,0.76,68.98,1,4835.54
2023-12-30,Z5_Entertainment,5,12,1,2.57,68.23,0,4237.02
2023-12-31,Z1_Downtown,6,12,1,3.92,67.43,0,6421.51
2023-12-31,Z2_Residential,6,12,1,4.19,81.38,0,4066.12
2023-12-31,Z3_Industrial,6,12,1,0.54,78.54,0,7542.92
2023-12-31,Z4_Suburban,6,12,1,-4.59,67.44,0,4583.42
2023-12-31,Z5_Entertainment,6,12,1,2.33,77.58,0,4190.14
